0.000000000000000000e+00,0.000000000000000000e+00,0.000000000000000000e+00,0.000000000000000000e+00,0.000000000000000000e+00,0.000000000000000000e+00,0.000000000000000000e+00,0.000000000000000000e+00,0.000000000000000000e+00,0.000000000000000000e+00,0.000000000000000000e+00,0.000000000000000000e+00,0.000000000000000000e+00,0.000000000000000000e+00,0.000000000000000000e+00,0.000000000000000000e+00,0.000000000000000000e+00,0.000000000000000000e+00,0.000000000000000000e+00,0.000000000000000000e+00,0.000000000000000000e+00,0.000000000000000000e+00,0.000000000000000000e+00,0.000000000000000000e+00,0.000000000000000000e+00,0.000000000000000000e+00,0.000000000000000000e+00,0.000000000000000000e+00,0.000000000000000000e+00,0.000000000000000000e+00,0.000000000000000000e+00,0.000000000000000000e+00,0.000000000000000000e+00,0.000000000000000000e+00,0.000000000000000000e+00,0.000000000000000000e+00,0.000000000000000000e+00,0.000000000000000000e+00,0.000000000000000000e+00,0.000000000000000000e+00,0.000000000000000000e+00,0.000000000000000000e+00,0.000000000000000000e+00,0.000000000000000000e+00,0.000000000000000000e+00,0.000000000000000000e+00,0.000000000000000000e+00,0.000000000000000000e+00,0.000000000000000000e+00,0.000000000000000000e+00,0.000000000000000000e+00,0.000000000000000000e+00,0.000000000000000000e+00,0.000000000000000000e+00,0.000000000000000000e+00,0.000000000000000000e+00,0.000000000000000000e+00,0.000000000000000000e+00,0.000000000000000000e+00,0.000000000000000000e+00,0.000000000000000000e+00,0.000000000000000000e+00,0.000000000000000000e+00,0.000000000000000000e+00
0.000000000000000000e+00,3.169925001442312151e+00,3.169925001442312151e+00,3.169925001442312151e+00,3.169925001442312151e+00,3.169925001442312151e+00,3.169925001442312151e+00,3.169925001442312151e+00,3.169925001442312151e+00,3.169925001442312151e+00,3.169925001442312151e+00,3.169925001442312151e+00,3.169925001442312151e+00,3.169925001442312151e+00,3.169925001442312151e+00,3.169925001442312151e+00,3.169925001442312151e+00,3.169925001442312151e+00,3.169925001442312151e+00,3.169925001442312151e+00,3.169925001442312151e+00,3.169925001442312151e+00,3.169925001442312151e+00,3.169925001442312151e+00,3.169925001442312151e+00,3.169925001442312151e+00,3.169925001442312151e+00,3.169925001442312151e+00,3.169925001442312151e+00,3.169925001442312151e+00,3.169925001442312151e+00,3.169925001442312151e+00,3.169925001442312151e+00,3.169925001442312151e+00,3.169925001442312151e+00,3.169925001442312151e+00,3.169925001442312151e+00,3.169925001442312151e+00,3.169925001442312151e+00,3.169925001442312151e+00,3.169925001442312151e+00,3.169925001442312151e+00,3.169925001442312151e+00,3.169925001442312151e+00,3.169925001442312151e+00,3.169925001442312151e+00,3.169925001442312151e+00,3.169925001442312151e+00,3.169925001442312151e+00,3.169925001442312151e+00,3.169925001442312151e+00,3.169925001442312151e+00,3.169925001442312151e+00,3.169925001442312151e+00,3.169925001442312151e+00,3.169925001442312151e+00,3.169925001442312151e+00,3.169925001442312151e+00,3.169925001442312151e+00,3.169925001442312151e+00,3.169925001442312151e+00,3.169925001442312151e+00,3.169925001442312151e+00,0.000000000000000000e+00
0.000000000000000000e+00,3.169925001442312151e+00,3.169925001442312151e+00,3.169925001442312151e+00,3.169925001442312151e+00,3.169925001442312151e+00,3.169925001442312151e+00,3.169925001442312151e+00,3.169925001442312151e+00,3.169925001442312151e+00,3.169925001442312151e+00,3.169925001442312151e+00,3.169925001442312151e+00,3.169925001442312151e+00,3.169925001442312151e+00,3.169925001442312151e+00,3.169925001442312151e+00,3.169925001442312151e+00,3.169925001442312151e+00,3.169925001442312151e+00,3.169925001442312151e+00,3.169925001442312151e+00,3.169925001442312151e+00,3.169925001442312151e+00,3.169925001442312151e+00,3.169925001442312151e+00,3.169925001442312151e+00,3.169925001442312151e+00,3.169925001442312151e+00,3.169925001442312151e+00,3.169925001442312151e+00,3.169925001442312151e+00,3.169925001442312151e+00,3.169925001442312151e+00,3.169925001442312151e+00,3.169925001442312151e+00,3.169925001442312151e+00,3.169925001442312151e+00,3.169925001442312151e+00,3.169925001442312151e+00,3.169925001442312151e+00,3.169925001442312151e+00,3.169925001442312151e+00,3.169925001442312151e+00,3.169925001442312151e+00,3.169925001442312151e+00,3.169925001442312151e+00,3.169925001442312151e+00,3.169925001442312151e+00,3.169925001442312151e+00,3.169925001442312151e+00,3.169925001442312151e+00,3.169925001442312151e+00,3.169925001442312151e+00,3.169925001442312151e+00,3.169925001442312151e+00,3.169925001442312151e+00,3.169925001442312151e+00,3.169925001442312151e+00,3.169925001442312151e+00,3.169925001442312151e+00,3.169925001442312151e+00,3.169925001442312151e+00,0.000000000000000000e+00
0.000000000000000000e+00,3.169925001442312151e+00,3.169925001442312151e+00,3.169925001442312151e+00,3.169925001442312151e+00,3.169925001442312151e+00,3.169925001442312151e+00,3.169925001442312151e+00,3.169925001442312151e+00,3.169925001442312151e+00,3.169925001442312151e+00,3.169925001442312151e+00,3.169925001442312151e+00,3.169925001442312151e+00,3.169925001442312151e+00,3.169925001442312151e+00,3.169925001442312151e+00,3.169925001442312151e+00,3.169925001442312151e+00,3.169925001442312151e+00,3.169925001442312151e+00,3.169925001442312151e+00,3.169925001442312151e+00,3.169925001442312151e+00,3.169925001442312151e+00,3.169925001442312151e+00,3.169925001442312151e+00,3.169925001442312151e+00,3.169925001442312151e+00,3.169925001442312151e+00,3.169925001442312151e+00,3.169925001442312151e+00,3.169925001442312151e+00,3.169925001442312151e+00,3.169925001442312151e+00,3.169925001442312151e+00,3.169925001442312151e+00,3.169925001442312151e+00,3.169925001442312151e+00,3.169925001442312151e+00,3.169925001442312151e+00,3.169925001442312151e+00,3.169925001442312151e+00,3.169925001442312151e+00,3.169925001442312151e+00,3.169925001442312151e+00,3.169925001442312151e+00,3.169925001442312151e+00,3.169925001442312151e+00,3.169925001442312151e+00,3.169925001442312151e+00,3.169925001442312151e+00,3.169925001442312151e+00,3.169925001442312151e+00,3.169925001442312151e+00,3.169925001442312151e+00,3.169925001442312151e+00,3.169925001442312151e+00,3.169925001442312151e+00,3.169925001442312151e+00,3.169925001442312151e+00,3.169925001442312151e+00,3.169925001442312151e+00,0.000000000000000000e+00
0.000000000000000000e+00,3.169925001442312151e+00,3.169925001442312151e+00,3.169925001442312151e+00,3.169925001442312151e+00,3.169925001442312151e+00,3.169925001442312151e+00,3.169925001442312151e+00,3.169925001442312151e+00,3.169925001442312151e+00,3.169925001442312151e+00,3.169925001442312151e+00,3.169925001442312151e+00,3.169925001442312151e+00,3.169925001442312151e+00,3.169925001442312151e+00,3.169925001442312151e+00,3.169925001442312151e+00,3.169925001442312151e+00,3.169925001442312151e+00,3.169925001442312151e+00,3.169925001442312151e+00,3.169925001442312151e+00,3.169925001442312151e+00,3.169925001442312151e+00,3.169925001442312151e+00,3.169925001442312151e+00,3.169925001442312151e+00,3.169925001442312151e+00,3.169925001442312151e+00,3.169925001442312151e+00,3.169925001442312151e+00,3.169925001442312151e+00,3.169925001442312151e+00,3.169925001442312151e+00,3.169925001442312151e+00,3.169925001442312151e+00,3.169925001442312151e+00,3.169925001442312151e+00,3.169925001442312151e+00,3.169925001442312151e+00,3.169925001442312151e+00,3.169925001442312151e+00,3.169925001442312151e+00,3.169925001442312151e+00,3.169925001442312151e+00,3.169925001442312151e+00,3.169925001442312151e+00,3.169925001442312151e+00,3.169925001442312151e+00,3.169925001442312151e+00,3.169925001442312151e+00,3.169925001442312151e+00,3.169925001442312151e+00,3.169925001442312151e+00,3.169925001442312151e+00,3.169925001442312151e+00,3.169925001442312151e+00,3.169925001442312151e+00,3.169925001442312151e+00,3.169925001442312151e+00,3.169925001442312151e+00,3.169925001442312151e+00,0.000000000000000000e+00
0.000000000000000000e+00,3.169925001442312151e+00,3.169925001442312151e+00,3.169925001442312151e+00,3.169925001442312151e+00,3.169925001442312151e+00,3.169925001442312151e+00,3.169925001442312151e+00,3.169925001442312151e+00,3.169925001442312151e+00,3.169925001442312151e+00,3.169925001442312151e+00,3.169925001442312151e+00,3.169925001442312151e+00,3.169925001442312151e+00,3.169925001442312151e+00,3.169925001442312151e+00,3.169925001442312151e+00,3.169925001442312151e+00,3.169925001442312151e+00,3.169925001442312151e+00,3.169925001442312151e+00,3.169925001442312151e+00,3.169925001442312151e+00,3.169925001442312151e+00,3.169925001442312151e+00,3.169925001442312151e+00,3.169925001442312151e+00,3.169925001442312151e+00,3.169925001442312151e+00,3.169925001442312151e+00,3.169925001442312151e+00,3.169925001442312151e+00,3.169925001442312151e+00,3.169925001442312151e+00,3.169925001442312151e+00,3.169925001442312151e+00,3.169925001442312151e+00,3.169925001442312151e+00,3.169925001442312151e+00,3.169925001442312151e+00,3.169925001442312151e+00,3.169925001442312151e+00,3.169925001442312151e+00,3.169925001442312151e+00,3.169925001442312151e+00,3.169925001442312151e+00,3.169925001442312151e+00,3.169925001442312151e+00,3.169925001442312151e+00,3.169925001442312151e+00,3.169925001442312151e+00,3.169925001442312151e+00,3.169925001442312151e+00,3.169925001442312151e+00,3.169925001442312151e+00,3.169925001442312151e+00,3.169925001442312151e+00,3.169925001442312151e+00,3.169925001442312151e+00,3.169925001442312151e+00,3.169925001442312151e+00,3.169925001442312151e+00,0.000000000000000000e+00
0.000000000000000000e+00,3.169925001442312151e+00,3.169925001442312151e+00,3.169925001442312151e+00,3.169925001442312151e+00,3.169925001442312151e+00,3.169925001442312151e+00,3.169925001442312151e+00,3.169925001442312151e+00,3.169925001442312151e+00,3.169925001442312151e+00,3.169925001442312151e+00,3.169925001442312151e+00,3.169925001442312151e+00,3.169925001442312151e+00,3.169925001442312151e+00,3.169925001442312151e+00,3.169925001442312151e+00,3.169925001442312151e+00,3.169925001442312151e+00,3.169925001442312151e+00,3.169925001442312151e+00,3.169925001442312151e+00,3.169925001442312151e+00,3.169925001442312151e+00,3.169925001442312151e+00,3.169925001442312151e+00,3.169925001442312151e+00,3.169925001442312151e+00,3.169925001442312151e+00,3.169925001442312151e+00,3.169925001442312151e+00,3.169925001442312151e+00,3.169925001442312151e+00,3.169925001442312151e+00,3.169925001442312151e+00,3.169925001442312151e+00,3.169925001442312151e+00,3.169925001442312151e+00,3.169925001442312151e+00,3.169925001442312151e+00,3.169925001442312151e+00,3.169925001442312151e+00,3.169925001442312151e+00,3.169925001442312151e+00,3.169925001442312151e+00,3.169925001442312151e+00,3.169925001442312151e+00,3.169925001442312151e+00,3.169925001442312151e+00,3.169925001442312151e+00,3.169925001442312151e+00,3.169925001442312151e+00,3.169925001442312151e+00,3.169925001442312151e+00,3.169925001442312151e+00,3.169925001442312151e+00,3.169925001442312151e+00,3.169925001442312151e+00,3.169925001442312151e+00,3.169925001442312151e+00,3.169925001442312151e+00,3.169925001442312151e+00,0.000000000000000000e+00
0.000000000000000000e+00,3.169925001442312151e+00,3.169925001442312151e+00,3.169925001442312151e+00,3.169925001442312151e+00,3.169925001442312151e+00,3.169925001442312151e+00,3.169925001442312151e+00,3.169925001442312151e+00,3.169925001442312151e+00,3.169925001442312151e+00,3.169925001442312151e+00,3.169925001442312151e+00,3.169925001442312151e+00,3.169925001442312151e+00,3.169925001442312151e+00,3.169925001442312151e+00,3.169925001442312151e+00,3.169925001442312151e+00,3.169925001442312151e+00,3.169925001442312151e+00,3.169925001442312151e+00,3.169925001442312151e+00,3.169925001442312151e+00,3.169925001442312151e+00,3.169925001442312151e+00,3.169925001442312151e+00,3.169925001442312151e+00,3.169925001442312151e+00,3.169925001442312151e+00,3.169925001442312151e+00,3.169925001442312151e+00,3.169925001442312151e+00,3.169925001442312151e+00,3.169925001442312151e+00,3.169925001442312151e+00,3.169925001442312151e+00,3.169925001442312151e+00,3.169925001442312151e+00,3.169925001442312151e+00,3.169925001442312151e+00,3.169925001442312151e+00,3.169925001442312151e+00,3.169925001442312151e+00,3.169925001442312151e+00,3.169925001442312151e+00,3.169925001442312151e+00,3.169925001442312151e+00,3.169925001442312151e+00,3.169925001442312151e+00,3.169925001442312151e+00,3.169925001442312151e+00,3.169925001442312151e+00,3.169925001442312151e+00,3.169925001442312151e+00,3.169925001442312151e+00,3.169925001442312151e+00,3.169925001442312151e+00,3.169925001442312151e+00,3.169925001442312151e+00,3.169925001442312151e+00,3.169925001442312151e+00,3.169925001442312151e+00,0.000000000000000000e+00
0.000000000000000000e+00,3.169925001442312151e+00,3.169925001442312151e+00,3.169925001442312151e+00,3.169925001442312151e+00,3.169925001442312151e+00,3.169925001442312151e+00,3.169925001442312151e+00,3.169925001442312151e+00,3.169925001442312151e+00,3.169925001442312151e+00,3.169925001442312151e+00,3.169925001442312151e+00,3.169925001442312151e+00,3.169925001442312151e+00,3.169925001442312151e+00,3.169925001442312151e+00,3.169925001442312151e+00,3.169925001442312151e+00,3.169925001442312151e+00,3.169925001442312151e+00,3.169925001442312151e+00,3.169925001442312151e+00,3.169925001442312151e+00,3.169925001442312151e+00,3.169925001442312151e+00,3.169925001442312151e+00,3.169925001442312151e+00,3.169925001442312151e+00,3.169925001442312151e+00,3.169925001442312151e+00,3.169925001442312151e+00,3.169925001442312151e+00,3.169925001442312151e+00,3.169925001442312151e+00,3.169925001442312151e+00,3.169925001442312151e+00,3.169925001442312151e+00,3.169925001442312151e+00,3.169925001442312151e+00,3.169925001442312151e+00,3.169925001442312151e+00,3.169925001442312151e+00,3.169925001442312151e+00,3.169925001442312151e+00,3.169925001442312151e+00,3.169925001442312151e+00,3.169925001442312151e+00,3.169925001442312151e+00,3.169925001442312151e+00,3.169925001442312151e+00,3.169925001442312151e+00,3.169925001442312151e+00,3.169925001442312151e+00,3.169925001442312151e+00,3.169925001442312151e+00,3.169925001442312151e+00,3.169925001442312151e+00,3.169925001442312151e+00,3.169925001442312151e+00,3.169925001442312151e+00,3.169925001442312151e+00,3.169925001442312151e+00,0.000000000000000000e+00
0.000000000000000000e+00,3.169925001442312151e+00,3.169925001442312151e+00,3.169925001442312151e+00,3.169925001442312151e+00,3.169925001442312151e+00,3.169925001442312151e+00,3.169925001442312151e+00,3.169925001442312151e+00,3.169925001442312151e+00,3.169925001442312151e+00,3.169925001442312151e+00,3.169925001442312151e+00,3.169925001442312151e+00,3.169925001442312151e+00,3.169925001442312151e+00,3.169925001442312151e+00,3.169925001442312151e+00,3.169925001442312151e+00,3.169925001442312151e+00,3.169925001442312151e+00,3.169925001442312151e+00,3.169925001442312151e+00,3.169925001442312151e+00,3.169925001442312151e+00,3.169925001442312151e+00,5.917424671642546959e-09,7.219280959725117297e-01,1.263906360763938252e+00,1.498589145471929118e+00,1.571285737658767223e+00,1.584708267679064253e+00,1.584899919064416185e+00,1.574874528082293335e+00,1.511253779770184380e+00,1.324379509247064046e+00,7.973265110850730197e-01,4.282209214426519982e-09,3.169925001442312151e+00,3.169925001442312151e+00,3.169925001442312151e+00,3.169925001442312151e+00,3.169925001442312151e+00,3.169925001442312151e+00,3.169925001442312151e+00,3.169925001442312151e+00,3.169925001442312151e+00,3.169925001442312151e+00,3.169925001442312151e+00,3.169925001442312151e+00,3.169925001442312151e+00,3.169925001442312151e+00,3.169925001442312151e+00,3.169925001442312151e+00,3.169925001442312151e+00,3.169925001442312151e+00,3.169925001442312151e+00,3.169925001442312151e+00,3.169925001442312151e+00,3.169925001442312151e+00,3.169925001442312151e+00,3.169925001442312151e+00,3.169925001442312151e+00,0.000000000000000000e+00
0.000000000000000000e+00,3.169925001442312151e+00,3.169925001442312151e+00,3.169925001442312151e+00,3.169925001442312151e+00,3.169925001442312151e+00,3.169925001442312151e+00,3.169925001442312151e+00,3.169925001442312151e+00,3.169925001442312151e+00,3.169925001442312151e+00,3.169925001442312151e+00,3.169925001442312151e+00,3.169925001442312151e+00,3.169925001442312151e+00,3.169925001442312151e+00,3.169925001442312151e+00,3.169925001442312151e+00,3.169925001442312151e+00,3.169925001442312151e+00,3.169925001442312151e+00,3.169925001442312151e+00,2.772958086396456274e-08,3.533593368268097556e-01,8.253151151156685739e-01,1.233300267227401603e+00,1.545082549326929122e+00,1.785045193878572523e+00,1.993147233372764227e+00,2.146321496854550759e+00,2.224577615948105436e+00,2.253413459856616452e+00,2.255578750639446017e+00,2.231708050672172927e+00,2.160752508180887155e+00,2.020377018002165848e+00,1.813748453541453864e+00,1.581757706514095974e+00,1.278627726183988011e+00,8.556670245484845339e-01,2.974722503614893876e-01,2.772958086396456274e-08,3.169925001442312151e+00,3.169925001442312151e+00,3.169925001442312151e+00,3.169925001442312151e+00,3.169925001442312151e+00,3.169925001442312151e+00,3.169925001442312151e+00,3.169925001442312151e+00,3.169925001442312151e+00,3.169925001442312151e+00,3.169925001442312151e+00,3.169925001442312151e+00,3.169925001442312151e+00,3.169925001442312151e+00,3.169925001442312151e+00,3.169925001442312151e+00,3.169925001442312151e+00,3.169925001442312151e+00,3.169925001442312151e+00,3.169925001442312151e+00,3.169925001442312151e+00,0.000000000000000000e+00
0.000000000000000000e+00,3.169925001442312151e+00,3.169925001442312151e+00,3.169925001442312151e+00,3.169925001442312151e+00,3.169925001442312151e+00,3.169925001442312151e+00,3.169925001442312151e+00,3.169925001442312151e+00,3.169925001442312151e+00,3.169925001442312151e+00,3.169925001442312151e+00,3.169925001442312151e+00,3.169925001442312151e+00,3.169925001442312151e+00,3.169925001442312151e+00,3.169925001442312151e+00,3.169925001442312151e+00,3.169925001442312151e+00,3.169925001442312151e+00,2.772958086396456274e-08,2.108423012519997641e-01,8.751115551083495925e-01,1.510895428054374712e+00,1.950498521579478339e+00,2.246770840150797088e+00,2.469898465640654628e+00,2.637164286301336258e+00,2.770793360431039520e+00,2.867608795322273085e+00,2.917988406007191227e+00,2.936834147111929472e+00,2.938124973725906752e+00,2.922323290341155122e+00,2.876452175868635663e+00,2.787143672380082204e+00,2.655635310251040604e+00,2.494794961909497122e+00,2.278103670288545768e+00,1.989910124363896582e+00,1.571247324328205686e+00,9.692433644142047777e-01,3.912435643470155711e-01,9.665850293240543663e-09,3.169925001442312151e+00,3.169925001442312151e+00,3.169925001442312151e+00,3.169925001442312151e+00,3.169925001442312151e+00,3.169925001442312151e+00,3.169925001442312151e+00,3.169925001442312151e+00,3.169925001442312151e+00,3.169925001442312151e+00,3.169925001442312151e+00,3.169925001442312151e+00,3.169925001442312151e+00,3.169925001442312151e+00,3.169925001442312151e+00,3.169925001442312151e+00,3.169925001442312151e+00,3.169925001442312151e+00,3.169925001442312151e+00,0.000000000000000000e+00
0.000000000000000000e+00,3.169925001442312151e+00,3.169925001442312151e+00,3.169925001442312151e+00,3.169925001442312151e+00,3.169925001442312151e+00,3.169925001442312151e+00,3.169925001442312151e+00,3.169925001442312151e+00,3.169925001442312151e+00,3.169925001442312151e+00,3.169925001442312151e+00,3.169925001442312151e+00,3.169925001442312151e+00,3.169925001442312151e+00,3.169925001442312151e+00,3.169925001442312151e+00,3.169925001442312151e+00,3.169925001442312151e+00,1.823502971651426136e-09,6.562718193001720879e-01,1.497575324542886444e+00,2.085310699021531544e+00,2.462010164505376686e+00,2.735602661710185846e+00,2.932745044448185290e+00,3.063602405193573741e+00,3.131151386555716787e+00,3.158058331261988538e+00,3.166452115867606221e+00,3.168661615294570133e+00,3.169142499059736551e+00,3.169142499059736551e+00,3.168718069060364684e+00,3.166829611013354029e+00,3.159739370667537184e+00,3.135995887170436980e+00,3.075197223236656896e+00,2.953722504746568500e+00,2.762259445737572428e+00,2.498588653901476331e+00,2.141232174232574170e+00,1.601160677492183604e+00,7.812780497790413614e-01,1.362975090756379565e-09,3.169925001442312151e+00,3.169925001442312151e+00,3.169925001442312151e+00,3.169925001442312151e+00,3.169925001442312151e+00,3.169925001442312151e+00,3.169925001442312151e+00,3.169925001442312151e+00,3.169925001442312151e+00,3.169925001442312151e+00,3.169925001442312151e+00,3.169925001442312151e+00,3.169925001442312151e+00,3.169925001442312151e+00,3.169925001442312151e+00,3.169925001442312151e+00,3.169925001442312151e+00,3.169925001442312151e+00,0.000000000000000000e+00
0.000000000000000000e+00,3.169925001442312151e+00,3.169925001442312151e+00,3.169925001442312151e+00,3.169925001442312151e+00,3.169925001442312151e+00,3.169925001442312151e+00,3.169925001442312151e+00,3.169925001442312151e+00,3.169925001442312151e+00,3.169925001442312151e+00,3.169925001442312151e+00,3.169925001442312151e+00,3.169925001442312151e+00,3.169925001442312151e+00,3.169925001442312151e+00,3.169925001442312151e+00,1.426479043763748223e-08,2.285381444825475006e-01,1.146288171218807328e+00,1.952188196080211213e+00,2.472032133197048509e+00,2.816538647263103101e+00,3.027413679438849758e+00,3.130880875923732987e+00,3.164400493635560085e+00,3.169520488390877855e+00,3.169920602254264530e+00,3.169925001442312151e+00,3.169925001442312151e+00,3.169925001442312151e+00,3.169925001442312151e+00,3.169925001442312151e+00,3.169925001442312151e+00,3.169925001442312151e+00,3.169925001442312151e+00,3.169923903726286518e+00,3.169674222789107709e+00,3.165762421260116533e+00,3.137812188321588813e+00,3.045300978567515582e+00,2.852930769120484378e+00,2.527753765663066421e+00,2.036288812141318072e+00,1.259282717564603082e+00,3.159971333882946598e-01,7.332395220277542089e-09,3.169925001442312151e+00,3.169925001442312151e+00,3.169925001442312151e+00,3.169925001442312151e+00,3.169925001442312151e+00,3.169925001442312151e+00,3.169925001442312151e+00,3.169925001442312151e+00,3.169925001442312151e+00,3.169925001442312151e+00,3.169925001442312151e+00,3.169925001442312151e+00,3.169925001442312151e+00,3.169925001442312151e+00,3.169925001442312151e+00,3.169925001442312151e+00,0.000000000000000000e+00
0.000000000000000000e+00,3.169925001442312151e+00,3.169925001442312151e+00,3.169925001442312151e+00,3.169925001442312151e+00,3.169925001442312151e+00,3.169925001442312151e+00,3.169925001442312151e+00,3.169925001442312151e+00,3.169925001442312151e+00,3.169925001442312151e+00,3.169925001442312151e+00,3.169925001442312151e+00,3.169925001442312151e+00,3.169925001442312151e+00,3.169925001442312151e+00,4.966258480613660091e-09,4.741327660674364286e-01,1.477061038962523609e+00,2.257872536918986928e+00,2.733641905450546084e+00,3.002958750022369561e+00,3.132413212273314596e+00,3.167300210332850252e+00,3.169897349203698589e+00,3.169925001442312151e+00,3.169925001442312151e+00,3.169925001442312151e+00,3.169925001442312151e+00,3.169925001442312151e+00,3.169925001442312151e+00,3.169925001442312151e+00,3.169925001442312151e+00,3.169925001442312151e+00,3.169925001442312151e+00,3.169925001442312151e+00,3.169925001442312151e+00,3.169925001442312151e+00,3.169925001442312151e+00,3.169915084466307320e+00,3.168239837902704803e+00,3.140513702192776702e+00,3.024776018666284205e+00,2.775097457293072001e+00,2.329954699993676215e+00,1.592192015430833330e+00,6.131379018476987852e-01,3.038712336064200433e-09,3.169925001442312151e+00,3.169925001442312151e+00,3.169925001442312151e+00,3.169925001442312151e+00,3.169925001442312151e+00,3.169925001442312151e+00,3.169925001442312151e+00,3.169925001442312151e+00,3.169925001442312151e+00,3.169925001442312151e+00,3.169925001442312151e+00,3.169925001442312151e+00,3.169925001442312151e+00,3.169925001442312151e+00,3.169925001442312151e+00,0.000000000000000000e+00
0.000000000000000000e+00,3.169925001442312151e+00,3.169925001442312151e+00,3.169925001442312151e+00,3.169925001442312151e+00,3.169925001442312151e+00,3.169925001442312151e+00,3.169925001442312151e+00,3.169925001442312151e+00,3.169925001442312151e+00,3.169925001442312151e+00,3.169925001442312151e+00,3.169925001442312151e+00,3.169925001442312151e+00,3.169925001442312151e+00,3.766197610514720979e-09,6.023812799379208993e-01,1.671867413626594301e+00,2.454709953366858599e+00,2.878046428578877602e+00,3.087383880782931467e+00,3.161752288825181445e+00,3.169853804153043075e+00,3.169925001442312151e+00,3.169925001442312151e+00,3.169925001442312151e+00,3.169925001442312151e+00,3.169925001442312151e+00,3.169925001442312151e+00,3.169925001442312151e+00,3.169925001442312151e+00,3.169925001442312151e+00,3.169925001442312151e+00,3.169925001442312151e+00,3.169925001442312151e+00,3.169925001442312151e+00,3.169925001442312151e+00,3.169925001442312151e+00,3.169925001442312151e+00,3.169925001442312151e+00,3.169925001442312151e+00,3.169897349203698589e+00,3.164520760611836625e+00,3.103873694059788857e+00,2.915277077599207622e+00,2.527203812526786386e+00,1.797410204859344107e+00,7.568206183720990188e-01,2.198247464481842599e-09,3.169925001442312151e+00,3.169925001442312151e+00,3.169925001442312151e+00,3.169925001442312151e+00,3.169925001442312151e+00,3.169925001442312151e+00,3.169925001442312151e+00,3.169925001442312151e+00,3.169925001442312151e+00,3.169925001442312151e+00,3.169925001442312151e+00,3.169925001442312151e+00,3.169925001442312151e+00,3.169925001442312151e+00,0.000000000000000000e+00
0.000000000000000000e+00,3.169925001442312151e+00,3.169925001442312151e+00,3.169925001442312151e+00,3.169925001442312151e+00,3.169925001442312151e+00,3.169925001442312151e+00,3.169925001442312151e+00,3.169925001442312151e+00,3.169925001442312151e+00,3.169925001442312151e+00,3.169925001442312151e+00,3.169925001442312151e+00,3.169925001442312151e+00,4.966258480613660091e-09,6.023812799379208993e-01,1.736954791212091731e+00,2.549093409460552628e+00,2.948494860504510484e+00,3.125696408478754851e+00,3.168495588501268223e+00,3.169923903726286518e+00,3.169925001442312151e+00,3.169925001442312151e+00,3.169925001442312151e+00,3.169925001442312151e+00,3.169925001442312151e+00,3.169925001442312151e+00,3.169925001442312151e+00,3.169925001442312151e+00,3.169925001442312151e+00,3.169925001442312151e+00,3.169925001442312151e+00,3.169925001442312151e+00,3.169925001442312151e+00,3.169925001442312151e+00,3.169925001442312151e+00,3.169925001442312151e+00,3.169925001442312151e+00,3.169925001442312151e+00,3.169925001442312151e+00,3.169925001442312151e+00,3.169925001442312151e+00,3.169206219663177837e+00,3.136993308292181926e+00,2.980395688793701314e+00,2.619668830319966890e+00,1.865626761911176379e+00,7.732628914393268049e-01,2.772466001790504823e-09,3.169925001442312151e+00,3.169925001442312151e+00,3.169925001442312151e+00,3.169925001442312151e+00,3.169925001442312151e+00,3.169925001442312151e+00,3.169925001442312151e+00,3.169925001442312151e+00,3.169925001442312151e+00,3.169925001442312151e+00,3.169925001442312151e+00,3.169925001442312151e+00,3.169925001442312151e+00,0.000000000000000000e+00
0.000000000000000000e+00,3.169925001442312151e+00,3.169925001442312151e+00,3.169925001442312151e+00,3.169925001442312151e+00,3.169925001442312151e+00,3.169925001442312151e+00,3.169925001442312151e+00,3.169925001442312151e+00,3.169925001442312151e+00,3.169925001442312151e+00,3.169925001442312151e+00,3.169925001442312151e+00,1.426479043763748223e-08,4.741327660674364286e-01,1.671867413626594301e+00,2.549093409460552628e+00,2.969789221649018707e+00,3.140805003398121187e+00,3.169557504032557205e+00,3.169925001442312151e+00,3.169925001442312151e+00,3.169925001442312151e+00,3.169925001442312151e+00,3.169925001442312151e+00,3.169925001442312151e+00,3.169925001442312151e+00,3.169925001442312151e+00,3.169925001442312151e+00,3.169925001442312151e+00,3.169925001442312151e+00,3.169925001442312151e+00,3.169925001442312151e+00,3.169925001442312151e+00,3.169925001442312151e+00,3.169925001442312151e+00,3.169925001442312151e+00,3.169925001442312151e+00,3.169925001442312151e+00,3.169925001442312151e+00,3.169925001442312151e+00,3.169925001442312151e+00,3.169925001442312151e+00,3.169925001442312151e+00,3.169763567541269644e+00,3.150100716286048819e+00,3.003308781233207991e+00,2.626243136831696745e+00,1.817436578525318813e+00,6.519744569185801364e-01,5.917424671642546959e-09,3.169925001442312151e+00,3.169925001442312151e+00,3.169925001442312151e+00,3.169925001442312151e+00,3.169925001442312151e+00,3.169925001442312151e+00,3.169925001442312151e+00,3.169925001442312151e+00,3.169925001442312151e+00,3.169925001442312151e+00,3.169925001442312151e+00,3.169925001442312151e+00,0.000000000000000000e+00
0.000000000000000000e+00,3.169925001442312151e+00,3.169925001442312151e+00,3.169925001442312151e+00,3.169925001442312151e+00,3.169925001442312151e+00,3.169925001442312151e+00,3.169925001442312151e+00,3.169925001442312151e+00,3.169925001442312151e+00,3.169925001442312151e+00,3.169925001442312151e+00,3.169925001442312151e+00,2.253636396472310510e-01,1.480678409711323695e+00,2.456513653947931530e+00,2.948494860504510484e+00,3.140805003398121187e+00,3.169704417755148995e+00,3.169925001442312151e+00,3.169925001442312151e+00,3.169925001442312151e+00,3.169925001442312151e+00,3.169925001442312151e+00,3.169925001442312151e+00,3.169925001442312151e+00,3.169925001442312151e+00,3.169925001442312151e+00,3.169925001442312151e+00,3.169925001442312151e+00,3.169925001442312151e+00,3.169925001442312151e+00,3.169925001442312151e+00,3.169925001442312151e+00,3.169925001442312151e+00,3.169925001442312151e+00,3.169925001442312151e+00,3.169925001442312151e+00,3.169925001442312151e+00,3.169925001442312151e+00,3.169925001442312151e+00,3.169925001442312151e+00,3.169925001442312151e+00,3.169925001442312151e+00,3.169925001442312151e+00,3.169853804153043075e+00,3.150484816621303530e+00,2.986012142500038546e+00,2.546872859768678499e+00,1.647196849975198552e+00,4.412452886946132136e-01,2.772958086396456274e-08,3.169925001442312151e+00,3.169925001442312151e+00,3.169925001442312151e+00,3.169925001442312151e+00,3.169925001442312151e+00,3.169925001442312151e+00,3.169925001442312151e+00,3.169925001442312151e+00,3.169925001442312151e+00,3.169925001442312151e+00,3.169925001442312151e+00,0.000000000000000000e+00
0.000000000000000000e+00,3.169925001442312151e+00,3.169925001442312151e+00,3.169925001442312151e+00,3.169925001442312151e+00,3.169925001442312151e+00,3.169925001442312151e+00,3.169925001442312151e+00,3.169925001442312151e+00,3.169925001442312151e+00,3.169925001442312151e+00,3.169925001442312151e+00,1.823502971651426136e-09,1.150680604288561781e+00,2.259957089372087058e+00,2.879342283741436415e+00,3.125696408478754851e+00,3.169557504032557205e+00,3.169925001442312151e+00,3.169925001442312151e+00,3.169925001442312151e+00,3.169925001442312151e+00,3.169925001442312151e+00,3.169925001442312151e+00,3.169925001442312151e+00,3.169925001442312151e+00,3.169925001442312151e+00,3.169925001442312151e+00,3.169925001442312151e+00,3.169925001442312151e+00,3.169925001442312151e+00,3.169925001442312151e+00,3.169925001442312151e+00,3.169925001442312151e+00,3.169925001442312151e+00,3.169925001442312151e+00,3.169925001442312151e+00,3.169925001442312151e+00,3.169925001442312151e+00,3.169925001442312151e+00,3.169925001442312151e+00,3.169925001442312151e+00,3.169925001442312151e+00,3.169925001442312151e+00,3.169925001442312151e+00,3.169925001442312151e+00,3.169789614190594573e+00,3.139685813673798620e+00,2.928084907394069347e+00,2.369210962185364533e+00,1.334253123386646589e+00,2.222848316826328552e-01,3.169925001442312151e+00,3.169925001442312151e+00,3.169925001442312151e+00,3.169925001442312151e+00,3.169925001442312151e+00,3.169925001442312151e+00,3.169925001442312151e+00,3.169925001442312151e+00,3.169925001442312151e+00,3.169925001442312151e+00,3.169925001442312151e+00,0.000000000000000000e+00
0.000000000000000000e+00,3.169925001442312151e+00,3.169925001442312151e+00,3.169925001442312151e+00,3.169925001442312151e+00,3.169925001442312151e+00,3.169925001442312151e+00,3.169925001442312151e+00,3.169925001442312151e+00,3.169925001442312151e+00,3.169925001442312151e+00,2.772958086396456274e-08,6.562718193001720879e-01,1.954791760661649835e+00,2.735094049335318633e+00,3.088471373618500770e+00,3.168495588501267779e+00,3.169925001442312151e+00,3.169925001442312151e+00,3.169925001442312151e+00,3.169925001442312151e+00,3.169925001442312151e+00,3.169925001442312151e+00,3.169925001442312151e+00,3.169925001442312151e+00,3.169925001442312151e+00,3.169925001442312151e+00,3.169925001442312151e+00,3.169925001442312151e+00,3.169925001442312151e+00,3.169925001442312151e+00,3.169925001442312151e+00,3.169925001442312151e+00,3.169925001442312151e+00,3.169925001442312151e+00,3.169925001442312151e+00,3.169925001442312151e+00,3.169925001442312151e+00,3.169925001442312151e+00,3.169925001442312151e+00,3.169925001442312151e+00,3.169925001442312151e+00,3.169925001442312151e+00,3.169925001442312151e+00,3.169925001442312151e+00,3.169925001442312151e+00,3.169925001442312151e+00,3.169319037611343148e+00,3.110071279898579899e+00,2.803042555397245561e+00,2.087743280974458049e+00,8.695408290332936607e-01,7.332395220277542089e-09,3.169925001442312151e+00,3.169925001442312151e+00,3.169925001442312151e+00,3.169925001442312151e+00,3.169925001442312151e+00,3.169925001442312151e+00,3.169925001442312151e+00,3.169925001442312151e+00,3.169925001442312151e+00,3.169925001442312151e+00,0.000000000000000000e+00
0.000000000000000000e+00,3.169925001442312151e+00,3.169925001442312151e+00,3.169925001442312151e+00,3.169925001442312151e+00,3.169925001442312151e+00,3.169925001442312151e+00,3.169925001442312151e+00,3.169925001442312151e+00,3.169925001442312151e+00,3.169925001442312151e+00,2.108423012519997641e-01,1.497575324542886444e+00,2.472032133197048509e+00,3.002958750022369561e+00,3.161752288825181445e+00,3.169923903726286518e+00,3.169925001442312151e+00,3.169925001442312151e+00,3.169925001442312151e+00,3.169925001442312151e+00,3.169925001442312151e+00,3.169925001442312151e+00,3.169925001442312151e+00,3.169925001442312151e+00,3.169925001442312151e+00,3.169925001442312151e+00,3.169925001442312151e+00,3.169925001442312151e+00,3.169925001442312151e+00,3.169925001442312151e+00,3.169925001442312151e+00,3.169925001442312151e+00,3.169925001442312151e+00,3.169925001442312151e+00,3.169925001442312151e+00,3.169925001442312151e+00,3.169925001442312151e+00,3.169925001442312151e+00,3.169925001442312151e+00,3.169925001442312151e+00,3.169925001442312151e+00,3.169925001442312151e+00,3.169925001442312151e+00,3.169925001442312151e+00,3.169925001442312151e+00,3.169925001442312151e+00,3.169925001442312151e+00,3.165670843065174100e+00,3.038263472432741530e+00,2.566652595075855192e+00,1.665852840567911164e+00,4.079059807144930772e-01,3.169925001442312151e+00,3.169925001442312151e+00,3.169925001442312151e+00,3.169925001442312151e+00,3.169925001442312151e+00,3.169925001442312151e+00,3.169925001442312151e+00,3.169925001442312151e+00,3.169925001442312151e+00,3.169925001442312151e+00,0.000000000000000000e+00
0.000000000000000000e+00,3.169925001442312151e+00,3.169925001442312151e+00,3.169925001442312151e+00,3.169925001442312151e+00,3.169925001442312151e+00,3.169925001442312151e+00,3.169925001442312151e+00,3.169925001442312151e+00,3.169925001442312151e+00,2.772958086396456274e-08,8.751115551083495925e-01,2.085310699021531544e+00,2.816538647263103101e+00,3.132413212273315040e+00,3.169853804153043075e+00,3.169925001442312151e+00,3.169925001442312151e+00,3.169925001442312151e+00,3.169925001442312151e+00,3.169925001442312151e+00,3.169925001442312151e+00,3.169925001442312151e+00,3.169925001442312151e+00,3.169925001442312151e+00,3.169925001442312151e+00,3.169925001442312151e+00,3.169925001442312151e+00,3.169925001442312151e+00,3.169925001442312151e+00,3.169925001442312151e+00,3.169925001442312151e+00,3.169925001442312151e+00,3.169925001442312151e+00,3.169925001442312151e+00,3.169925001442312151e+00,3.169925001442312151e+00,3.169925001442312151e+00,3.169925001442312151e+00,3.169925001442312151e+00,3.169925001442312151e+00,3.169925001442312151e+00,3.169925001442312151e+00,3.169925001442312151e+00,3.169925001442312151e+00,3.169925001442312151e+00,3.169925001442312151e+00,3.169925001442312151e+00,3.169907337702879246e+00,3.146379663810293437e+00,2.883840283989681730e+00,2.194731541596548485e+00,1.038621400424971641e+00,1.426479043763748057e-08,3.169925001442312151e+00,3.169925001442312151e+00,3.169925001442312151e+00,3.169925001442312151e+00,3.169925001442312151e+00,3.169925001442312151e+00,3.169925001442312151e+00,3.169925001442312151e+00,3.169925001442312151e+00,0.000000000000000000e+00
0.000000000000000000e+00,3.169925001442312151e+00,3.169925001442312151e+00,3.169925001442312151e+00,3.169925001442312151e+00,3.169925001442312151e+00,3.169925001442312151e+00,3.169925001442312151e+00,3.169925001442312151e+00,3.169925001442312151e+00,3.533593368268097556e-01,1.512922729628682017e+00,2.461997109252119120e+00,3.027287569469653938e+00,3.167300210332850252e+00,3.169925001442312151e+00,3.169925001442312151e+00,3.169925001442312151e+00,3.169925001442312151e+00,3.169925001442312151e+00,3.169925001442312151e+00,3.169925001442312151e+00,3.169925001442312151e+00,3.169925001442312151e+00,3.169925001442312151e+00,3.169925001442312151e+00,3.169925001442312151e+00,3.169925001442312151e+00,3.169925001442312151e+00,3.169925001442312151e+00,3.169925001442312151e+00,3.169925001442312151e+00,3.169925001442312151e+00,3.169925001442312151e+00,3.169925001442312151e+00,3.169925001442312151e+00,3.169925001442312151e+00,3.169925001442312151e+00,3.169925001442312151e+00,3.169925001442312151e+00,3.169925001442312151e+00,3.169925001442312151e+00,3.169925001442312151e+00,3.169925001442312151e+00,3.169925001442312151e+00,3.169925001442312151e+00,3.169925001442312151e+00,3.169925001442312151e+00,3.169925001442312151e+00,3.168818332587687969e+00,3.065237613360900504e+00,2.552541271859938288e+00,1.659561015449533938e+00,3.712323276296559116e-01,3.169925001442312151e+00,3.169925001442312151e+00,3.169925001442312151e+00,3.169925001442312151e+00,3.169925001442312151e+00,3.169925001442312151e+00,3.169925001442312151e+00,3.169925001442312151e+00,3.169925001442312151e+00,0.000000000000000000e+00
0.000000000000000000e+00,3.169925001442312151e+00,3.169925001442312151e+00,3.169925001442312151e+00,3.169925001442312151e+00,3.169925001442312151e+00,3.169925001442312151e+00,3.169925001442312151e+00,3.169925001442312151e+00,3.169925001442312151e+00,8.185521262737172066e-01,1.953448392266790901e+00,2.736901647476765120e+00,3.130727919493433653e+00,3.169897349203698589e+00,3.169925001442312151e+00,3.169925001442312151e+00,3.169925001442312151e+00,3.169925001442312151e+00,3.169925001442312151e+00,3.169925001442312151e+00,3.169925001442312151e+00,3.169925001442312151e+00,3.169925001442312151e+00,3.169925001442312151e+00,3.169925001442312151e+00,3.169925001442312151e+00,3.169925001442312151e+00,3.169925001442312151e+00,3.169925001442312151e+00,3.169925001442312151e+00,3.169925001442312151e+00,3.169925001442312151e+00,3.169925001442312151e+00,3.169925001442312151e+00,3.169925001442312151e+00,3.169925001442312151e+00,3.169925001442312151e+00,3.169925001442312151e+00,3.169925001442312151e+00,3.169925001442312151e+00,3.169925001442312151e+00,3.169925001442312151e+00,3.169925001442312151e+00,3.169925001442312151e+00,3.169925001442312151e+00,3.169925001442312151e+00,3.169925001442312151e+00,3.169925001442312151e+00,3.169920602254264530e+00,3.145888935049450552e+00,2.810094021490036287e+00,2.062890597176667562e+00,9.310071930716148358e-01,3.169925001442312151e+00,3.169925001442312151e+00,3.169925001442312151e+00,3.169925001442312151e+00,3.169925001442312151e+00,3.169925001442312151e+00,3.169925001442312151e+00,3.169925001442312151e+00,3.169925001442312151e+00,0.000000000000000000e+00
0.000000000000000000e+00,3.169925001442312151e+00,3.169925001442312151e+00,3.169925001442312151e+00,3.169925001442312151e+00,3.169925001442312151e+00,3.169925001442312151e+00,3.169925001442312151e+00,3.169925001442312151e+00,3.169925001442312151e+00,1.235945372316047841e+00,2.248822029303138681e+00,2.933830596861117357e+00,3.164225877326060310e+00,3.169925001442312151e+00,3.169925001442312151e+00,3.169925001442312151e+00,3.169925001442312151e+00,3.169925001442312151e+00,3.169925001442312151e+00,3.169925001442312151e+00,3.169925001442312151e+00,3.169925001442312151e+00,3.169925001442312151e+00,3.169925001442312151e+00,3.169925001442312151e+00,3.169925001442312151e+00,3.169925001442312151e+00,3.169925001442312151e+00,3.169925001442312151e+00,3.169925001442312151e+00,3.169925001442312151e+00,3.169925001442312151e+00,3.169925001442312151e+00,3.169925001442312151e+00,3.169925001442312151e+00,3.169925001442312151e+00,3.169925001442312151e+00,3.169925001442312151e+00,3.169925001442312151e+00,3.169925001442312151e+00,3.169925001442312151e+00,3.169925001442312151e+00,3.169925001442312151e+00,3.169925001442312151e+00,3.169925001442312151e+00,3.169925001442312151e+00,3.169925001442312151e+00,3.169925001442312151e+00,3.169925001442312151e+00,3.167400199216655832e+00,2.993846007707503087e+00,2.353784089973648630e+00,1.382676565664065382e+00,1.426479043763748057e-08,3.169925001442312151e+00,3.169925001442312151e+00,3.169925001442312151e+00,3.169925001442312151e+00,3.169925001442312151e+00,3.169925001442312151e+00,3.169925001442312151e+00,3.169925001442312151e+00,0.000000000000000000e+00
0.000000000000000000e+00,3.169925001442312151e+00,3.169925001442312151e+00,3.169925001442312151e+00,3.169925001442312151e+00,3.169925001442312151e+00,3.169925001442312151e+00,3.169925001442312151e+00,3.169925001442312151e+00,5.917424671642546959e-09,1.548229515271479340e+00,2.471574201500208456e+00,3.064681385285079163e+00,3.169520488390877855e+00,3.169925001442312151e+00,3.169925001442312151e+00,3.169925001442312151e+00,3.169925001442312151e+00,3.169925001442312151e+00,3.169925001442312151e+00,3.169925001442312151e+00,3.169925001442312151e+00,3.169925001442312151e+00,3.169925001442312151e+00,3.169925001442312151e+00,3.169925001442312151e+00,3.169925001442312151e+00,3.169925001442312151e+00,3.169925001442312151e+00,3.169925001442312151e+00,3.169925001442312151e+00,3.169925001442312151e+00,3.169925001442312151e+00,3.169925001442312151e+00,3.169925001442312151e+00,3.169925001442312151e+00,3.169925001442312151e+00,3.169925001442312151e+00,3.169925001442312151e+00,3.169925001442312151e+00,3.169925001442312151e+00,3.169925001442312151e+00,3.169925001442312151e+00,3.169925001442312151e+00,3.169925001442312151e+00,3.169925001442312151e+00,3.169925001442312151e+00,3.169925001442312151e+00,3.169925001442312151e+00,3.169925001442312151e+00,3.169834719051957350e+00,3.100538253050481696e+00,2.564174509124820922e+00,1.684359284216332631e+00,5.665095083395508269e-01,3.169925001442312151e+00,3.169925001442312151e+00,3.169925001442312151e+00,3.169925001442312151e+00,3.169925001442312151e+00,3.169925001442312151e+00,3.169925001442312151e+00,3.169925001442312151e+00,0.000000000000000000e+00
0.000000000000000000e+00,3.169925001442312151e+00,3.169925001442312151e+00,3.169925001442312151e+00,3.169925001442312151e+00,3.169925001442312151e+00,3.169925001442312151e+00,3.169925001442312151e+00,3.169925001442312151e+00,7.219280959725117297e-01,1.785045193878572078e+00,2.637164286301336702e+00,3.131151386555716787e+00,3.169920602254264530e+00,3.169925001442312151e+00,3.169925001442312151e+00,3.169925001442312151e+00,3.169925001442312151e+00,3.169925001442312151e+00,3.169925001442312151e+00,3.169925001442312151e+00,3.169925001442312151e+00,3.169925001442312151e+00,3.169925001442312151e+00,3.169925001442312151e+00,3.169925001442312151e+00,3.169925001442312151e+00,3.169925001442312151e+00,3.169925001442312151e+00,3.169925001442312151e+00,3.169925001442312151e+00,3.169925001442312151e+00,3.169925001442312151e+00,3.169925001442312151e+00,3.169925001442312151e+00,3.169925001442312151e+00,3.169925001442312151e+00,3.169925001442312151e+00,3.169925001442312151e+00,3.169925001442312151e+00,3.169925001442312151e+00,3.169925001442312151e+00,3.169925001442312151e+00,3.169925001442312151e+00,3.169925001442312151e+00,3.169925001442312151e+00,3.169925001442312151e+00,3.169925001442312151e+00,3.169925001442312151e+00,3.169925001442312151e+00,3.169925001442312151e+00,3.148662739887019058e+00,2.725945459043680685e+00,1.925918172062144551e+00,1.062067947902351817e+00,3.169925001442312151e+00,3.169925001442312151e+00,3.169925001442312151e+00,3.169925001442312151e+00,3.169925001442312151e+00,3.169925001442312151e+00,3.169925001442312151e+00,3.169925001442312151e+00,0.000000000000000000e+00
0.000000000000000000e+00,3.169925001442312151e+00,3.169925001442312151e+00,3.169925001442312151e+00,3.169925001442312151e+00,3.169925001442312151e+00,3.169925001442312151e+00,3.169925001442312151e+00,3.169925001442312151e+00,1.263906360763938252e+00,1.993819041219151433e+00,2.770873868089060554e+00,3.158022860875436599e+00,3.169925001442312151e+00,3.169925001442312151e+00,3.169925001442312151e+00,3.169925001442312151e+00,3.169925001442312151e+00,3.169925001442312151e+00,3.169925001442312151e+00,3.169925001442312151e+00,3.169925001442312151e+00,3.169925001442312151e+00,3.169925001442312151e+00,3.169925001442312151e+00,3.169925001442312151e+00,3.169925001442312151e+00,3.169925001442312151e+00,3.169925001442312151e+00,3.169925001442312151e+00,3.169925001442312151e+00,3.169925001442312151e+00,3.169925001442312151e+00,3.169925001442312151e+00,3.169925001442312151e+00,3.169925001442312151e+00,3.169925001442312151e+00,3.169925001442312151e+00,3.169925001442312151e+00,3.169925001442312151e+00,3.169925001442312151e+00,3.169925001442312151e+00,3.169925001442312151e+00,3.169925001442312151e+00,3.169925001442312151e+00,3.169925001442312151e+00,3.169925001442312151e+00,3.169925001442312151e+00,3.169925001442312151e+00,3.169925001442312151e+00,3.169925001442312151e+00,3.164377377493968524e+00,2.854149258025275415e+00,2.126220859221721327e+00,1.382701220877776915e+00,3.169925001442312151e+00,3.169925001442312151e+00,3.169925001442312151e+00,3.169925001442312151e+00,3.169925001442312151e+00,3.169925001442312151e+00,3.169925001442312151e+00,3.169925001442312151e+00,0.000000000000000000e+00
0.000000000000000000e+00,3.169925001442312151e+00,3.169925001442312151e+00,3.169925001442312151e+00,3.169925001442312151e+00,3.169925001442312151e+00,3.169925001442312151e+00,3.169925001442312151e+00,3.169925001442312151e+00,1.498589145471929118e+00,2.146799825492082814e+00,2.867674893972876227e+00,3.166400664440002899e+00,3.169925001442312151e+00,3.169925001442312151e+00,3.169925001442312151e+00,3.169925001442312151e+00,3.169925001442312151e+00,3.169925001442312151e+00,3.169925001442312151e+00,3.169925001442312151e+00,3.169925001442312151e+00,3.169925001442312151e+00,3.169925001442312151e+00,3.169925001442312151e+00,3.169925001442312151e+00,3.169925001442312151e+00,3.169925001442312151e+00,3.169925001442312151e+00,3.169925001442312151e+00,3.169925001442312151e+00,3.169925001442312151e+00,3.169925001442312151e+00,3.169925001442312151e+00,3.169925001442312151e+00,3.169925001442312151e+00,3.169925001442312151e+00,3.169925001442312151e+00,3.169925001442312151e+00,3.169925001442312151e+00,3.169925001442312151e+00,3.169925001442312151e+00,3.169925001442312151e+00,3.169925001442312151e+00,3.169925001442312151e+00,3.169925001442312151e+00,3.169925001442312151e+00,3.169925001442312151e+00,3.169925001442312151e+00,3.169925001442312151e+00,3.169925001442312151e+00,3.168605177575646525e+00,2.943177313100950876e+00,2.263754109471111331e+00,1.524596022845974952e+00,3.169925001442312151e+00,3.169925001442312151e+00,3.169925001442312151e+00,3.169925001442312151e+00,3.169925001442312151e+00,3.169925001442312151e+00,3.169925001442312151e+00,3.169925001442312151e+00,0.000000000000000000e+00
0.000000000000000000e+00,3.169925001442312151e+00,3.169925001442312151e+00,3.169925001442312151e+00,3.169925001442312151e+00,3.169925001442312151e+00,3.169925001442312151e+00,3.169925001442312151e+00,3.169925001442312151e+00,1.571285737658767223e+00,2.224978900907768065e+00,2.918047261814590509e+00,3.168602551916905874e+00,3.169925001442312151e+00,3.169925001442312151e+00,3.169925001442312151e+00,3.169925001442312151e+00,3.169925001442312151e+00,3.169925001442312151e+00,3.169925001442312151e+00,3.169925001442312151e+00,3.169925001442312151e+00,3.169925001442312151e+00,3.169925001442312151e+00,3.169925001442312151e+00,3.169925001442312151e+00,3.169925001442312151e+00,3.169925001442312151e+00,3.169925001442312151e+00,3.169925001442312151e+00,3.169925001442312151e+00,3.169925001442312151e+00,3.169925001442312151e+00,3.169925001442312151e+00,3.169925001442312151e+00,3.169925001442312151e+00,3.169925001442312151e+00,3.169925001442312151e+00,3.169925001442312151e+00,3.169925001442312151e+00,3.169925001442312151e+00,3.169925001442312151e+00,3.169925001442312151e+00,3.169925001442312151e+00,3.169925001442312151e+00,3.169925001442312151e+00,3.169925001442312151e+00,3.169925001442312151e+00,3.169925001442312151e+00,3.169925001442312151e+00,3.169925001442312151e+00,3.169579270546484917e+00,2.988641902195452005e+00,2.332505303632525173e+00,1.575350620305447702e+00,3.169925001442312151e+00,3.169925001442312151e+00,3.169925001442312151e+00,3.169925001442312151e+00,3.169925001442312151e+00,3.169925001442312151e+00,3.169925001442312151e+00,3.169925001442312151e+00,0.000000000000000000e+00
0.000000000000000000e+00,3.169925001442312151e+00,3.169925001442312151e+00,3.169925001442312151e+00,3.169925001442312151e+00,3.169925001442312151e+00,3.169925001442312151e+00,3.169925001442312151e+00,3.169925001442312151e+00,1.584523960013764388e+00,2.255512686158868796e+00,2.938089914967808802e+00,3.169142499059736551e+00,3.169925001442312151e+00,3.169925001442312151e+00,3.169925001442312151e+00,3.169925001442312151e+00,3.169925001442312151e+00,3.169925001442312151e+00,3.169925001442312151e+00,3.169925001442312151e+00,3.169925001442312151e+00,3.169925001442312151e+00,3.169925001442312151e+00,3.169925001442312151e+00,3.169925001442312151e+00,3.169925001442312151e+00,3.169925001442312151e+00,3.169925001442312151e+00,3.169925001442312151e+00,3.169925001442312151e+00,3.169925001442312151e+00,3.169925001442312151e+00,3.169925001442312151e+00,3.169925001442312151e+00,3.169925001442312151e+00,3.169925001442312151e+00,3.169925001442312151e+00,3.169925001442312151e+00,3.169925001442312151e+00,3.169925001442312151e+00,3.169925001442312151e+00,3.169925001442312151e+00,3.169925001442312151e+00,3.169925001442312151e+00,3.169925001442312151e+00,3.169925001442312151e+00,3.169925001442312151e+00,3.169925001442312151e+00,3.169925001442312151e+00,3.169925001442312151e+00,3.169763299822564218e+00,3.005947025944924800e+00,2.358224433661602948e+00,1.584749520579180615e+00,3.169925001442312151e+00,3.169925001442312151e+00,3.169925001442312151e+00,3.169925001442312151e+00,3.169925001442312151e+00,3.169925001442312151e+00,3.169925001442312151e+00,3.169925001442312151e+00,0.000000000000000000e+00
0.000000000000000000e+00,3.169925001442312151e+00,3.169925001442312151e+00,3.169925001442312151e+00,3.169925001442312151e+00,3.169925001442312151e+00,3.169925001442312151e+00,3.169925001442312151e+00,3.169925001442312151e+00,1.584777599238936574e+00,2.257674978487685280e+00,2.939379722878271206e+00,3.169142499059736551e+00,3.169925001442312151e+00,3.169925001442312151e+00,3.169925001442312151e+00,3.169925001442312151e+00,3.169925001442312151e+00,3.169925001442312151e+00,3.169925001442312151e+00,3.169925001442312151e+00,3.169925001442312151e+00,3.169925001442312151e+00,3.169925001442312151e+00,3.169925001442312151e+00,3.169925001442312151e+00,3.169925001442312151e+00,3.169925001442312151e+00,3.169925001442312151e+00,3.169925001442312151e+00,3.169925001442312151e+00,3.169925001442312151e+00,3.169925001442312151e+00,3.169925001442312151e+00,3.169925001442312151e+00,3.169925001442312151e+00,3.169925001442312151e+00,3.169925001442312151e+00,3.169925001442312151e+00,3.169925001442312151e+00,3.169925001442312151e+00,3.169925001442312151e+00,3.169925001442312151e+00,3.169925001442312151e+00,3.169925001442312151e+00,3.169925001442312151e+00,3.169925001442312151e+00,3.169925001442312151e+00,3.169925001442312151e+00,3.169925001442312151e+00,3.169925001442312151e+00,3.169763299822564218e+00,3.006866536547344815e+00,2.359670324202345348e+00,1.584872256249032940e+00,3.169925001442312151e+00,3.169925001442312151e+00,3.169925001442312151e+00,3.169925001442312151e+00,3.169925001442312151e+00,3.169925001442312151e+00,3.169925001442312151e+00,3.169925001442312151e+00,0.000000000000000000e+00
0.000000000000000000e+00,3.169925001442312151e+00,3.169925001442312151e+00,3.169925001442312151e+00,3.169925001442312151e+00,3.169925001442312151e+00,3.169925001442312151e+00,3.169925001442312151e+00,3.169925001442312151e+00,1.573974321593421433e+00,2.233843190792105471e+00,2.923592836049777599e+00,3.168718069060364684e+00,3.169925001442312151e+00,3.169925001442312151e+00,3.169925001442312151e+00,3.169925001442312151e+00,3.169925001442312151e+00,3.169925001442312151e+00,3.169925001442312151e+00,3.169925001442312151e+00,3.169925001442312151e+00,3.169925001442312151e+00,3.169925001442312151e+00,3.169925001442312151e+00,3.169925001442312151e+00,3.169925001442312151e+00,3.169925001442312151e+00,3.169925001442312151e+00,3.169925001442312151e+00,3.169925001442312151e+00,3.169925001442312151e+00,3.169925001442312151e+00,3.169925001442312151e+00,3.169925001442312151e+00,3.169925001442312151e+00,3.169925001442312151e+00,3.169925001442312151e+00,3.169925001442312151e+00,3.169925001442312151e+00,3.169925001442312151e+00,3.169925001442312151e+00,3.169925001442312151e+00,3.169925001442312151e+00,3.169925001442312151e+00,3.169925001442312151e+00,3.169925001442312151e+00,3.169925001442312151e+00,3.169925001442312151e+00,3.169925001442312151e+00,3.169925001442312151e+00,3.169639484678275387e+00,2.992528183307586520e+00,2.338243552873089826e+00,1.576851582886551917e+00,3.169925001442312151e+00,3.169925001442312151e+00,3.169925001442312151e+00,3.169925001442312151e+00,3.169925001442312151e+00,3.169925001442312151e+00,3.169925001442312151e+00,3.169925001442312151e+00,0.000000000000000000e+00
0.000000000000000000e+00,3.169925001442312151e+00,3.169925001442312151e+00,3.169925001442312151e+00,3.169925001442312151e+00,3.169925001442312151e+00,3.169925001442312151e+00,3.169925001442312151e+00,3.169925001442312151e+00,1.511253779770184380e+00,2.160752508180887155e+00,2.876452175868635663e+00,3.166829611013353585e+00,3.169925001442312151e+00,3.169925001442312151e+00,3.169925001442312151e+00,3.169925001442312151e+00,3.169925001442312151e+00,3.169925001442312151e+00,3.169925001442312151e+00,3.169925001442312151e+00,3.169925001442312151e+00,3.169925001442312151e+00,3.169925001442312151e+00,3.169925001442312151e+00,3.169925001442312151e+00,3.169925001442312151e+00,3.169925001442312151e+00,3.169925001442312151e+00,3.169925001442312151e+00,3.169925001442312151e+00,3.169925001442312151e+00,3.169925001442312151e+00,3.169925001442312151e+00,3.169925001442312151e+00,3.169925001442312151e+00,3.169925001442312151e+00,3.169925001442312151e+00,3.169925001442312151e+00,3.169925001442312151e+00,3.169925001442312151e+00,3.169925001442312151e+00,3.169925001442312151e+00,3.169925001442312151e+00,3.169925001442312151e+00,3.169925001442312151e+00,3.169925001442312151e+00,3.169925001442312151e+00,3.169925001442312151e+00,3.169925001442312151e+00,3.169925001442312151e+00,3.168855962332179921e+00,2.950823266056655125e+00,2.275210746860116817e+00,1.534918230646630688e+00,3.169925001442312151e+00,3.169925001442312151e+00,3.169925001442312151e+00,3.169925001442312151e+00,3.169925001442312151e+00,3.169925001442312151e+00,3.169925001442312151e+00,3.169925001442312151e+00,0.000000000000000000e+00
0.000000000000000000e+00,3.169925001442312151e+00,3.169925001442312151e+00,3.169925001442312151e+00,3.169925001442312151e+00,3.169925001442312151e+00,3.169925001442312151e+00,3.169925001442312151e+00,3.169925001442312151e+00,1.324379509247064046e+00,2.020377018002165848e+00,2.787143672380082204e+00,3.159739370667537184e+00,3.169925001442312151e+00,3.169925001442312151e+00,3.169925001442312151e+00,3.169925001442312151e+00,3.169925001442312151e+00,3.169925001442312151e+00,3.169925001442312151e+00,3.169925001442312151e+00,3.169925001442312151e+00,3.169925001442312151e+00,3.169925001442312151e+00,3.169925001442312151e+00,3.169925001442312151e+00,3.169925001442312151e+00,3.169925001442312151e+00,3.169925001442312151e+00,3.169925001442312151e+00,3.169925001442312151e+00,3.169925001442312151e+00,3.169925001442312151e+00,3.169925001442312151e+00,3.169925001442312151e+00,3.169925001442312151e+00,3.169925001442312151e+00,3.169925001442312151e+00,3.169925001442312151e+00,3.169925001442312151e+00,3.169925001442312151e+00,3.169925001442312151e+00,3.169925001442312151e+00,3.169925001442312151e+00,3.169925001442312151e+00,3.169925001442312151e+00,3.169925001442312151e+00,3.169925001442312151e+00,3.169925001442312151e+00,3.169925001442312151e+00,3.169925001442312151e+00,3.165313287903555928e+00,2.869166560639309527e+00,2.149763911513122849e+00,1.420427828318184371e+00,3.169925001442312151e+00,3.169925001442312151e+00,3.169925001442312151e+00,3.169925001442312151e+00,3.169925001442312151e+00,3.169925001442312151e+00,3.169925001442312151e+00,3.169925001442312151e+00,0.000000000000000000e+00
0.000000000000000000e+00,3.169925001442312151e+00,3.169925001442312151e+00,3.169925001442312151e+00,3.169925001442312151e+00,3.169925001442312151e+00,3.169925001442312151e+00,3.169925001442312151e+00,3.169925001442312151e+00,7.973265110850730197e-01,1.814367597731441517e+00,2.656230442054066998e+00,3.136458336033655758e+00,3.169923903726286518e+00,3.169925001442312151e+00,3.169925001442312151e+00,3.169925001442312151e+00,3.169925001442312151e+00,3.169925001442312151e+00,3.169925001442312151e+00,3.169925001442312151e+00,3.169925001442312151e+00,3.169925001442312151e+00,3.169925001442312151e+00,3.169925001442312151e+00,3.169925001442312151e+00,3.169925001442312151e+00,3.169925001442312151e+00,3.169925001442312151e+00,3.169925001442312151e+00,3.169925001442312151e+00,3.169925001442312151e+00,3.169925001442312151e+00,3.169925001442312151e+00,3.169925001442312151e+00,3.169925001442312151e+00,3.169925001442312151e+00,3.169925001442312151e+00,3.169925001442312151e+00,3.169925001442312151e+00,3.169925001442312151e+00,3.169925001442312151e+00,3.169925001442312151e+00,3.169925001442312151e+00,3.169925001442312151e+00,3.169925001442312151e+00,3.169925001442312151e+00,3.169925001442312151e+00,3.169925001442312151e+00,3.169925001442312151e+00,3.169925001442312151e+00,3.151761263247802258e+00,2.742518986357598276e+00,1.950518541889514790e+00,1.076818358901735495e+00,3.169925001442312151e+00,3.169925001442312151e+00,3.169925001442312151e+00,3.169925001442312151e+00,3.169925001442312151e+00,3.169925001442312151e+00,3.169925001442312151e+00,3.169925001442312151e+00,0.000000000000000000e+00
0.000000000000000000e+00,3.169925001442312151e+00,3.169925001442312151e+00,3.169925001442312151e+00,3.169925001442312151e+00,3.169925001442312151e+00,3.169925001442312151e+00,3.169925001442312151e+00,3.169925001442312151e+00,4.282209214426519982e-09,1.581788388371657472e+00,2.495434593009179469e+00,3.075668161672689749e+00,3.169674222789107265e+00,3.169925001442312151e+00,3.169925001442312151e+00,3.169925001442312151e+00,3.169925001442312151e+00,3.169925001442312151e+00,3.169925001442312151e+00,3.169925001442312151e+00,3.169925001442312151e+00,3.169925001442312151e+00,3.169925001442312151e+00,3.169925001442312151e+00,3.169925001442312151e+00,3.169925001442312151e+00,3.169925001442312151e+00,3.169925001442312151e+00,3.169925001442312151e+00,3.169925001442312151e+00,3.169925001442312151e+00,3.169925001442312151e+00,3.169925001442312151e+00,3.169925001442312151e+00,3.169925001442312151e+00,3.169925001442312151e+00,3.169925001442312151e+00,3.169925001442312151e+00,3.169925001442312151e+00,3.169925001442312151e+00,3.169925001442312151e+00,3.169925001442312151e+00,3.169925001442312151e+00,3.169925001442312151e+00,3.169925001442312151e+00,3.169925001442312151e+00,3.169925001442312151e+00,3.169925001442312151e+00,3.169925001442312151e+00,3.169870595446214523e+00,3.109269821168108461e+00,2.584745778518143577e+00,1.711872109286995292e+00,5.032583362791668291e-01,3.169925001442312151e+00,3.169925001442312151e+00,3.169925001442312151e+00,3.169925001442312151e+00,3.169925001442312151e+00,3.169925001442312151e+00,3.169925001442312151e+00,3.169925001442312151e+00,0.000000000000000000e+00
0.000000000000000000e+00,3.169925001442312151e+00,3.169925001442312151e+00,3.169925001442312151e+00,3.169925001442312151e+00,3.169925001442312151e+00,3.169925001442312151e+00,3.169925001442312151e+00,3.169925001442312151e+00,3.169925001442312151e+00,1.275920979958315105e+00,2.278786520115212877e+00,2.954221789456956238e+00,3.165762421260116533e+00,3.169925001442312151e+00,3.169925001442312151e+00,3.169925001442312151e+00,3.169925001442312151e+00,3.169925001442312151e+00,3.169925001442312151e+00,3.169925001442312151e+00,3.169925001442312151e+00,3.169925001442312151e+00,3.169925001442312151e+00,3.169925001442312151e+00,3.169925001442312151e+00,3.169925001442312151e+00,3.169925001442312151e+00,3.169925001442312151e+00,3.169925001442312151e+00,3.169925001442312151e+00,3.169925001442312151e+00,3.169925001442312151e+00,3.169925001442312151e+00,3.169925001442312151e+00,3.169925001442312151e+00,3.169925001442312151e+00,3.169925001442312151e+00,3.169925001442312151e+00,3.169925001442312151e+00,3.169925001442312151e+00,3.169925001442312151e+00,3.169925001442312151e+00,3.169925001442312151e+00,3.169925001442312151e+00,3.169925001442312151e+00,3.169925001442312151e+00,3.169925001442312151e+00,3.169925001442312151e+00,3.169925001442312151e+00,3.168141636201866618e+00,3.010949575225880803e+00,2.378363745674143104e+00,1.409764697719436910e+00,1.426479043763748057e-08,3.169925001442312151e+00,3.169925001442312151e+00,3.169925001442312151e+00,3.169925001442312151e+00,3.169925001442312151e+00,3.169925001442312151e+00,3.169925001442312151e+00,3.169925001442312151e+00,0.000000000000000000e+00
0.000000000000000000e+00,3.169925001442312151e+00,3.169925001442312151e+00,3.169925001442312151e+00,3.169925001442312151e+00,3.169925001442312151e+00,3.169925001442312151e+00,3.169925001442312151e+00,3.169925001442312151e+00,3.169925001442312151e+00,8.556670245484845339e-01,1.989910124363896360e+00,2.762259445737571983e+00,3.137812188321588813e+00,3.169915084466307320e+00,3.169925001442312151e+00,3.169925001442312151e+00,3.169925001442312151e+00,3.169925001442312151e+00,3.169925001442312151e+00,3.169925001442312151e+00,3.169925001442312151e+00,3.169925001442312151e+00,3.169925001442312151e+00,3.169925001442312151e+00,3.169925001442312151e+00,3.169925001442312151e+00,3.169925001442312151e+00,3.169925001442312151e+00,3.169925001442312151e+00,3.169925001442312151e+00,3.169925001442312151e+00,3.169925001442312151e+00,3.169925001442312151e+00,3.169925001442312151e+00,3.169925001442312151e+00,3.169925001442312151e+00,3.169925001442312151e+00,3.169925001442312151e+00,3.169925001442312151e+00,3.169925001442312151e+00,3.169925001442312151e+00,3.169925001442312151e+00,3.169925001442312151e+00,3.169925001442312151e+00,3.169925001442312151e+00,3.169925001442312151e+00,3.169925001442312151e+00,3.169925001442312151e+00,3.169923903726286962e+00,3.151050333098735390e+00,2.839849538909863025e+00,2.109043395510314500e+00,1.016062786848132671e+00,3.169925001442312151e+00,3.169925001442312151e+00,3.169925001442312151e+00,3.169925001442312151e+00,3.169925001442312151e+00,3.169925001442312151e+00,3.169925001442312151e+00,3.169925001442312151e+00,3.169925001442312151e+00,0.000000000000000000e+00
0.000000000000000000e+00,3.169925001442312151e+00,3.169925001442312151e+00,3.169925001442312151e+00,3.169925001442312151e+00,3.169925001442312151e+00,3.169925001442312151e+00,3.169925001442312151e+00,3.169925001442312151e+00,3.169925001442312151e+00,2.974722503614893876e-01,1.571247324328205686e+00,2.498588653901476331e+00,3.045300978567515582e+00,3.168239837902704803e+00,3.169925001442312151e+00,3.169925001442312151e+00,3.169925001442312151e+00,3.169925001442312151e+00,3.169925001442312151e+00,3.169925001442312151e+00,3.169925001442312151e+00,3.169925001442312151e+00,3.169925001442312151e+00,3.169925001442312151e+00,3.169925001442312151e+00,3.169925001442312151e+00,3.169925001442312151e+00,3.169925001442312151e+00,3.169925001442312151e+00,3.169925001442312151e+00,3.169925001442312151e+00,3.169925001442312151e+00,3.169925001442312151e+00,3.169925001442312151e+00,3.169925001442312151e+00,3.169925001442312151e+00,3.169925001442312151e+00,3.169925001442312151e+00,3.169925001442312151e+00,3.169925001442312151e+00,3.169925001442312151e+00,3.169925001442312151e+00,3.169925001442312151e+00,3.169925001442312151e+00,3.169925001442312151e+00,3.169925001442312151e+00,3.169925001442312151e+00,3.169925001442312151e+00,3.169269170812506253e+00,3.080491025863818066e+00,2.593408937635861111e+00,1.728979604232209644e+00,5.127091428229592074e-01,3.169925001442312151e+00,3.169925001442312151e+00,3.169925001442312151e+00,3.169925001442312151e+00,3.169925001442312151e+00,3.169925001442312151e+00,3.169925001442312151e+00,3.169925001442312151e+00,3.169925001442312151e+00,0.000000000000000000e+00
0.000000000000000000e+00,3.169925001442312151e+00,3.169925001442312151e+00,3.169925001442312151e+00,3.169925001442312151e+00,3.169925001442312151e+00,3.169925001442312151e+00,3.169925001442312151e+00,3.169925001442312151e+00,3.169925001442312151e+00,2.772958086396456274e-08,9.692433644142048887e-01,2.141232174232574170e+00,2.852930769120483934e+00,3.140513702192776702e+00,3.169897349203698589e+00,3.169925001442312151e+00,3.169925001442312151e+00,3.169925001442312151e+00,3.169925001442312151e+00,3.169925001442312151e+00,3.169925001442312151e+00,3.169925001442312151e+00,3.169925001442312151e+00,3.169925001442312151e+00,3.169925001442312151e+00,3.169925001442312151e+00,3.169925001442312151e+00,3.169925001442312151e+00,3.169925001442312151e+00,3.169925001442312151e+00,3.169925001442312151e+00,3.169925001442312151e+00,3.169925001442312151e+00,3.169925001442312151e+00,3.169925001442312151e+00,3.169925001442312151e+00,3.169925001442312151e+00,3.169925001442312151e+00,3.169925001442312151e+00,3.169925001442312151e+00,3.169925001442312151e+00,3.169925001442312151e+00,3.169925001442312151e+00,3.169925001442312151e+00,3.169925001442312151e+00,3.169925001442312151e+00,3.169925001442312151e+00,3.169920602254264530e+00,3.152060536171553906e+00,2.912328995264259923e+00,2.249605017688330655e+00,1.138258437125377887e+00,7.332395220277542089e-09,3.169925001442312151e+00,3.169925001442312151e+00,3.169925001442312151e+00,3.169925001442312151e+00,3.169925001442312151e+00,3.169925001442312151e+00,3.169925001442312151e+00,3.169925001442312151e+00,3.169925001442312151e+00,0.000000000000000000e+00
0.000000000000000000e+00,3.169925001442312151e+00,3.169925001442312151e+00,3.169925001442312151e+00,3.169925001442312151e+00,3.169925001442312151e+00,3.169925001442312151e+00,3.169925001442312151e+00,3.169925001442312151e+00,3.169925001442312151e+00,3.169925001442312151e+00,3.912435643470156266e-01,1.601160677492183604e+00,2.527753765663065977e+00,3.024776018666284205e+00,3.164520760611837069e+00,3.169925001442312151e+00,3.169925001442312151e+00,3.169925001442312151e+00,3.169925001442312151e+00,3.169925001442312151e+00,3.169925001442312151e+00,3.169925001442312151e+00,3.169925001442312151e+00,3.169925001442312151e+00,3.169925001442312151e+00,3.169925001442312151e+00,3.169925001442312151e+00,3.169925001442312151e+00,3.169925001442312151e+00,3.169925001442312151e+00,3.169925001442312151e+00,3.169925001442312151e+00,3.169925001442312151e+00,3.169925001442312151e+00,3.169925001442312151e+00,3.169925001442312151e+00,3.169925001442312151e+00,3.169925001442312151e+00,3.169925001442312151e+00,3.169925001442312151e+00,3.169925001442312151e+00,3.169925001442312151e+00,3.169925001442312151e+00,3.169925001442312151e+00,3.169925001442312151e+00,3.169925001442312151e+00,3.169925001442312151e+00,3.167287483743403964e+00,3.058369058285429709e+00,2.614588574271035526e+00,1.748904411678648074e+00,4.689955940613396157e-01,3.169925001442312151e+00,3.169925001442312151e+00,3.169925001442312151e+00,3.169925001442312151e+00,3.169925001442312151e+00,3.169925001442312151e+00,3.169925001442312151e+00,3.169925001442312151e+00,3.169925001442312151e+00,3.169925001442312151e+00,0.000000000000000000e+00
0.000000000000000000e+00,3.169925001442312151e+00,3.169925001442312151e+00,3.169925001442312151e+00,3.169925001442312151e+00,3.169925001442312151e+00,3.169925001442312151e+00,3.169925001442312151e+00,3.169925001442312151e+00,3.169925001442312151e+00,3.169925001442312151e+00,9.665850293240543663e-09,7.812780497790413614e-01,2.036288812141318072e+00,2.775097457293072001e+00,3.103873694059788857e+00,3.169206219663177837e+00,3.169925001442312151e+00,3.169925001442312151e+00,3.169925001442312151e+00,3.169925001442312151e+00,3.169925001442312151e+00,3.169925001442312151e+00,3.169925001442312151e+00,3.169925001442312151e+00,3.169925001442312151e+00,3.169925001442312151e+00,3.169925001442312151e+00,3.169925001442312151e+00,3.169925001442312151e+00,3.169925001442312151e+00,3.169925001442312151e+00,3.169925001442312151e+00,3.169925001442312151e+00,3.169925001442312151e+00,3.169925001442312151e+00,3.169925001442312151e+00,3.169925001442312151e+00,3.169925001442312151e+00,3.169925001442312151e+00,3.169925001442312151e+00,3.169925001442312151e+00,3.169925001442312151e+00,3.169925001442312151e+00,3.169925001442312151e+00,3.169925001442312151e+00,3.169925001442312151e+00,3.169635767273428328e+00,3.122809839961614209e+00,2.838633014979254909e+00,2.152299557402701513e+00,9.535913740073688194e-01,4.966258480613660919e-09,3.169925001442312151e+00,3.169925001442312151e+00,3.169925001442312151e+00,3.169925001442312151e+00,3.169925001442312151e+00,3.169925001442312151e+00,3.169925001442312151e+00,3.169925001442312151e+00,3.169925001442312151e+00,3.169925001442312151e+00,0.000000000000000000e+00
0.000000000000000000e+00,3.169925001442312151e+00,3.169925001442312151e+00,3.169925001442312151e+00,3.169925001442312151e+00,3.169925001442312151e+00,3.169925001442312151e+00,3.169925001442312151e+00,3.169925001442312151e+00,3.169925001442312151e+00,3.169925001442312151e+00,3.169925001442312151e+00,1.362975090756379565e-09,1.259282717564603082e+00,2.330733766733258161e+00,2.915882297849932581e+00,3.137535691381141856e+00,3.169763567541269644e+00,3.169925001442312151e+00,3.169925001442312151e+00,3.169925001442312151e+00,3.169925001442312151e+00,3.169925001442312151e+00,3.169925001442312151e+00,3.169925001442312151e+00,3.169925001442312151e+00,3.169925001442312151e+00,3.169925001442312151e+00,3.169925001442312151e+00,3.169925001442312151e+00,3.169925001442312151e+00,3.169925001442312151e+00,3.169925001442312151e+00,3.169925001442312151e+00,3.169925001442312151e+00,3.169925001442312151e+00,3.169925001442312151e+00,3.169925001442312151e+00,3.169925001442312151e+00,3.169925001442312151e+00,3.169925001442312151e+00,3.169925001442312151e+00,3.169925001442312151e+00,3.169925001442312151e+00,3.169925001442312151e+00,3.169925001442312151e+00,3.169870595446214523e+00,3.148477857594060847e+00,2.959298318425509056e+00,2.432367823121324601e+00,1.431906096295947339e+00,1.792560676924722929e-01,3.169925001442312151e+00,3.169925001442312151e+00,3.169925001442312151e+00,3.169925001442312151e+00,3.169925001442312151e+00,3.169925001442312151e+00,3.169925001442312151e+00,3.169925001442312151e+00,3.169925001442312151e+00,3.169925001442312151e+00,3.169925001442312151e+00,0.000000000000000000e+00
0.000000000000000000e+00,3.169925001442312151e+00,3.169925001442312151e+00,3.169925001442312151e+00,3.169925001442312151e+00,3.169925001442312151e+00,3.169925001442312151e+00,3.169925001442312151e+00,3.169925001442312151e+00,3.169925001442312151e+00,3.169925001442312151e+00,3.169925001442312151e+00,3.169925001442312151e+00,3.159971333882948263e-01,1.593040094972024701e+00,2.527916874753775911e+00,2.980983341166584921e+00,3.150100716286048375e+00,3.169853804153043075e+00,3.169925001442312151e+00,3.169925001442312151e+00,3.169925001442312151e+00,3.169925001442312151e+00,3.169925001442312151e+00,3.169925001442312151e+00,3.169925001442312151e+00,3.169925001442312151e+00,3.169925001442312151e+00,3.169925001442312151e+00,3.169925001442312151e+00,3.169925001442312151e+00,3.169925001442312151e+00,3.169925001442312151e+00,3.169925001442312151e+00,3.169925001442312151e+00,3.169925001442312151e+00,3.169925001442312151e+00,3.169925001442312151e+00,3.169925001442312151e+00,3.169925001442312151e+00,3.169925001442312151e+00,3.169925001442312151e+00,3.169925001442312151e+00,3.169925001442312151e+00,3.169925001442312151e+00,3.169897349203698589e+00,3.157169064565772842e+00,3.014494973433967218e+00,2.609487717743209423e+00,1.744916660231614625e+00,4.960449578721306541e-01,2.772958086396456274e-08,3.169925001442312151e+00,3.169925001442312151e+00,3.169925001442312151e+00,3.169925001442312151e+00,3.169925001442312151e+00,3.169925001442312151e+00,3.169925001442312151e+00,3.169925001442312151e+00,3.169925001442312151e+00,3.169925001442312151e+00,3.169925001442312151e+00,0.000000000000000000e+00
0.000000000000000000e+00,3.169925001442312151e+00,3.169925001442312151e+00,3.169925001442312151e+00,3.169925001442312151e+00,3.169925001442312151e+00,3.169925001442312151e+00,3.169925001442312151e+00,3.169925001442312151e+00,3.169925001442312151e+00,3.169925001442312151e+00,3.169925001442312151e+00,3.169925001442312151e+00,7.332395220277542089e-09,6.095765189630546477e-01,1.798283987921671212e+00,2.620352436111754724e+00,3.003308781233207547e+00,3.150484816621303530e+00,3.169789614190594573e+00,3.169925001442312151e+00,3.169925001442312151e+00,3.169925001442312151e+00,3.169925001442312151e+00,3.169925001442312151e+00,3.169925001442312151e+00,3.169925001442312151e+00,3.169925001442312151e+00,3.169925001442312151e+00,3.169925001442312151e+00,3.169925001442312151e+00,3.169925001442312151e+00,3.169925001442312151e+00,3.169925001442312151e+00,3.169925001442312151e+00,3.169925001442312151e+00,3.169925001442312151e+00,3.169925001442312151e+00,3.169925001442312151e+00,3.169925001442312151e+00,3.169925001442312151e+00,3.169925001442312151e+00,3.169925001442312151e+00,3.169925001442312151e+00,3.169870595446214523e+00,3.157169064565772842e+00,3.030491603981414261e+00,2.685933458684954811e+00,1.925805417157101518e+00,7.764876786284339305e-01,3.766197610514720979e-09,3.169925001442312151e+00,3.169925001442312151e+00,3.169925001442312151e+00,3.169925001442312151e+00,3.169925001442312151e+00,3.169925001442312151e+00,3.169925001442312151e+00,3.169925001442312151e+00,3.169925001442312151e+00,3.169925001442312151e+00,3.169925001442312151e+00,3.169925001442312151e+00,0.000000000000000000e+00
0.000000000000000000e+00,3.169925001442312151e+00,3.169925001442312151e+00,3.169925001442312151e+00,3.169925001442312151e+00,3.169925001442312151e+00,3.169925001442312151e+00,3.169925001442312151e+00,3.169925001442312151e+00,3.169925001442312151e+00,3.169925001442312151e+00,3.169925001442312151e+00,3.169925001442312151e+00,3.169925001442312151e+00,3.038712336064200433e-09,7.568206183720989078e-01,1.865626761911176379e+00,2.626243136831696745e+00,2.986012142500038546e+00,3.139685813673798620e+00,3.169319037611343148e+00,3.169925001442312151e+00,3.169925001442312151e+00,3.169925001442312151e+00,3.169925001442312151e+00,3.169925001442312151e+00,3.169925001442312151e+00,3.169925001442312151e+00,3.169925001442312151e+00,3.169925001442312151e+00,3.169925001442312151e+00,3.169925001442312151e+00,3.169925001442312151e+00,3.169925001442312151e+00,3.169925001442312151e+00,3.169925001442312151e+00,3.169925001442312151e+00,3.169925001442312151e+00,3.169925001442312151e+00,3.169925001442312151e+00,3.169925001442312151e+00,3.169925001442312151e+00,3.169925001442312151e+00,3.169635767273428328e+00,3.148477857594060847e+00,3.014494973433967218e+00,2.685933458684954367e+00,1.982730350773376005e+00,9.048636894914402484e-01,1.823502651308776101e-09,3.169925001442312151e+00,3.169925001442312151e+00,3.169925001442312151e+00,3.169925001442312151e+00,3.169925001442312151e+00,3.169925001442312151e+00,3.169925001442312151e+00,3.169925001442312151e+00,3.169925001442312151e+00,3.169925001442312151e+00,3.169925001442312151e+00,3.169925001442312151e+00,3.169925001442312151e+00,0.000000000000000000e+00
0.000000000000000000e+00,3.169925001442312151e+00,3.169925001442312151e+00,3.169925001442312151e+00,3.169925001442312151e+00,3.169925001442312151e+00,3.169925001442312151e+00,3.169925001442312151e+00,3.169925001442312151e+00,3.169925001442312151e+00,3.169925001442312151e+00,3.169925001442312151e+00,3.169925001442312151e+00,3.169925001442312151e+00,3.169925001442312151e+00,2.198247464481842599e-09,7.732628914393268049e-01,1.817436578525318813e+00,2.546872859768678943e+00,2.928084907394069347e+00,3.110071279898579899e+00,3.165670843065174100e+00,3.169907337702879246e+00,3.169925001442312151e+00,3.169925001442312151e+00,3.169925001442312151e+00,3.169925001442312151e+00,3.169925001442312151e+00,3.169925001442312151e+00,3.169925001442312151e+00,3.169925001442312151e+00,3.169925001442312151e+00,3.169925001442312151e+00,3.169925001442312151e+00,3.169925001442312151e+00,3.169925001442312151e+00,3.169925001442312151e+00,3.169925001442312151e+00,3.169925001442312151e+00,3.169925001442312151e+00,3.169925001442312151e+00,3.169920602254264530e+00,3.167287483743403964e+00,3.122809839961614209e+00,2.959298318425508612e+00,2.609487717743208979e+00,1.925805417157101518e+00,9.048636894914401374e-01,1.487782381863170004e-09,3.169925001442312151e+00,3.169925001442312151e+00,3.169925001442312151e+00,3.169925001442312151e+00,3.169925001442312151e+00,3.169925001442312151e+00,3.169925001442312151e+00,3.169925001442312151e+00,3.169925001442312151e+00,3.169925001442312151e+00,3.169925001442312151e+00,3.169925001442312151e+00,3.169925001442312151e+00,3.169925001442312151e+00,0.000000000000000000e+00
0.000000000000000000e+00,3.169925001442312151e+00,3.169925001442312151e+00,3.169925001442312151e+00,3.169925001442312151e+00,3.169925001442312151e+00,3.169925001442312151e+00,3.169925001442312151e+00,3.169925001442312151e+00,3.169925001442312151e+00,3.169925001442312151e+00,3.169925001442312151e+00,3.169925001442312151e+00,3.169925001442312151e+00,3.169925001442312151e+00,3.169925001442312151e+00,2.772466001790504823e-09,6.519744569185801364e-01,1.647196849975198552e+00,2.369210962185364089e+00,2.802568881271556123e+00,3.037820554929697270e+00,3.145949500937017973e+00,3.168818332587687969e+00,3.169920602254264530e+00,3.169925001442312151e+00,3.169925001442312151e+00,3.169925001442312151e+00,3.169925001442312151e+00,3.169925001442312151e+00,3.169925001442312151e+00,3.169925001442312151e+00,3.169925001442312151e+00,3.169925001442312151e+00,3.169925001442312151e+00,3.169925001442312151e+00,3.169925001442312151e+00,3.169925001442312151e+00,3.169925001442312151e+00,3.169923903726286962e+00,3.169269170812506253e+00,3.152060536171553462e+00,3.058369058285429709e+00,2.838633014979254465e+00,2.432367823121324601e+00,1.744916660231614181e+00,7.764876786284339305e-01,1.823502651308776101e-09,3.169925001442312151e+00,3.169925001442312151e+00,3.169925001442312151e+00,3.169925001442312151e+00,3.169925001442312151e+00,3.169925001442312151e+00,3.169925001442312151e+00,3.169925001442312151e+00,3.169925001442312151e+00,3.169925001442312151e+00,3.169925001442312151e+00,3.169925001442312151e+00,3.169925001442312151e+00,3.169925001442312151e+00,3.169925001442312151e+00,0.000000000000000000e+00
0.000000000000000000e+00,3.169925001442312151e+00,3.169925001442312151e+00,3.169925001442312151e+00,3.169925001442312151e+00,3.169925001442312151e+00,3.169925001442312151e+00,3.169925001442312151e+00,3.169925001442312151e+00,3.169925001442312151e+00,3.169925001442312151e+00,3.169925001442312151e+00,3.169925001442312151e+00,3.169925001442312151e+00,3.169925001442312151e+00,3.169925001442312151e+00,3.169925001442312151e+00,5.917424671642546959e-09,4.412452886946132136e-01,1.334253123386646589e+00,2.087265239890649049e+00,2.566138453203266501e+00,2.883377678857246718e+00,3.065237613360900504e+00,3.145888935049450552e+00,3.167400199216656276e+00,3.169834719051957350e+00,3.169925001442312151e+00,3.169925001442312151e+00,3.169925001442312151e+00,3.169925001442312151e+00,3.169925001442312151e+00,3.169925001442312151e+00,3.169925001442312151e+00,3.169925001442312151e+00,3.169925001442312151e+00,3.169925001442312151e+00,3.169870595446214523e+00,3.168141636201866618e+00,3.151050333098735834e+00,3.080491025863818066e+00,2.912328995264259923e+00,2.614588574271035970e+00,2.152299557402701513e+00,1.431906096295947117e+00,4.960449578721306541e-01,3.766197610514720979e-09,3.169925001442312151e+00,3.169925001442312151e+00,3.169925001442312151e+00,3.169925001442312151e+00,3.169925001442312151e+00,3.169925001442312151e+00,3.169925001442312151e+00,3.169925001442312151e+00,3.169925001442312151e+00,3.169925001442312151e+00,3.169925001442312151e+00,3.169925001442312151e+00,3.169925001442312151e+00,3.169925001442312151e+00,3.169925001442312151e+00,3.169925001442312151e+00,0.000000000000000000e+00
0.000000000000000000e+00,3.169925001442312151e+00,3.169925001442312151e+00,3.169925001442312151e+00,3.169925001442312151e+00,3.169925001442312151e+00,3.169925001442312151e+00,3.169925001442312151e+00,3.169925001442312151e+00,3.169925001442312151e+00,3.169925001442312151e+00,3.169925001442312151e+00,3.169925001442312151e+00,3.169925001442312151e+00,3.169925001442312151e+00,3.169925001442312151e+00,3.169925001442312151e+00,3.169925001442312151e+00,2.772958086396456274e-08,2.222848316826328274e-01,8.729778121602914664e-01,1.665666475928003987e+00,2.194187474940104465e+00,2.552541271859938732e+00,2.810094021490036287e+00,2.993846007707502643e+00,3.100538253050481252e+00,3.148698548273408448e+00,3.164434393595829231e+00,3.168674921300427272e+00,3.169579270546484917e+00,3.169763299822564218e+00,3.169763299822564218e+00,3.169639484678275387e+00,3.168855962332179921e+00,3.165313287903555484e+00,3.151761263247802258e+00,3.109269821168108017e+00,3.010949575225880803e+00,2.839849538909863025e+00,2.593408937635861555e+00,2.249605017688331099e+00,1.748904411678647852e+00,9.535913740073688194e-01,1.792560676924720153e-01,2.772958086396456274e-08,3.169925001442312151e+00,3.169925001442312151e+00,3.169925001442312151e+00,3.169925001442312151e+00,3.169925001442312151e+00,3.169925001442312151e+00,3.169925001442312151e+00,3.169925001442312151e+00,3.169925001442312151e+00,3.169925001442312151e+00,3.169925001442312151e+00,3.169925001442312151e+00,3.169925001442312151e+00,3.169925001442312151e+00,3.169925001442312151e+00,3.169925001442312151e+00,3.169925001442312151e+00,0.000000000000000000e+00
0.000000000000000000e+00,3.169925001442312151e+00,3.169925001442312151e+00,3.169925001442312151e+00,3.169925001442312151e+00,3.169925001442312151e+00,3.169925001442312151e+00,3.169925001442312151e+00,3.169925001442312151e+00,3.169925001442312151e+00,3.169925001442312151e+00,3.169925001442312151e+00,3.169925001442312151e+00,3.169925001442312151e+00,3.169925001442312151e+00,3.169925001442312151e+00,3.169925001442312151e+00,3.169925001442312151e+00,3.169925001442312151e+00,3.169925001442312151e+00,7.332395220277542089e-09,4.079059807144933547e-01,1.038621400424971641e+00,1.659561015449533938e+00,2.062890597176667118e+00,2.353784089973648630e+00,2.564174509124820922e+00,2.725866350879002642e+00,2.852828802396297991e+00,2.941948118319726024e+00,2.987495079811485432e+00,3.005947025944924800e+00,3.006866536547344815e+00,2.992528183307586520e+00,2.950823266056655125e+00,2.866720080105814805e+00,2.739825988405812041e+00,2.581681059687171764e+00,2.378363745674143104e+00,2.109043395510314500e+00,1.728979604232209422e+00,1.138258437125377665e+00,4.689955940613395047e-01,4.966258480613660919e-09,3.169925001442312151e+00,3.169925001442312151e+00,3.169925001442312151e+00,3.169925001442312151e+00,3.169925001442312151e+00,3.169925001442312151e+00,3.169925001442312151e+00,3.169925001442312151e+00,3.169925001442312151e+00,3.169925001442312151e+00,3.169925001442312151e+00,3.169925001442312151e+00,3.169925001442312151e+00,3.169925001442312151e+00,3.169925001442312151e+00,3.169925001442312151e+00,3.169925001442312151e+00,3.169925001442312151e+00,3.169925001442312151e+00,0.000000000000000000e+00
0.000000000000000000e+00,3.169925001442312151e+00,3.169925001442312151e+00,3.169925001442312151e+00,3.169925001442312151e+00,3.169925001442312151e+00,3.169925001442312151e+00,3.169925001442312151e+00,3.169925001442312151e+00,3.169925001442312151e+00,3.169925001442312151e+00,3.169925001442312151e+00,3.169925001442312151e+00,3.169925001442312151e+00,3.169925001442312151e+00,3.169925001442312151e+00,3.169925001442312151e+00,3.169925001442312151e+00,3.169925001442312151e+00,3.169925001442312151e+00,3.169925001442312151e+00,3.169925001442312151e+00,1.426479043763748057e-08,3.712323276296559116e-01,9.310071930716149469e-01,1.382676565664065604e+00,1.684359284216332631e+00,1.925118033152515951e+00,2.123565993346818725e+00,2.261444071002947975e+00,2.330640434327914789e+00,2.358224433661602504e+00,2.359670324202345348e+00,2.338243552873090270e+00,2.275210746860116373e+00,2.145250460102180234e+00,1.945108468440177152e+00,1.704864628499200396e+00,1.409764697719436910e+00,1.016062786848132449e+00,5.127091428229592074e-01,7.332395220277542089e-09,3.169925001442312151e+00,3.169925001442312151e+00,3.169925001442312151e+00,3.169925001442312151e+00,3.169925001442312151e+00,3.169925001442312151e+00,3.169925001442312151e+00,3.169925001442312151e+00,3.169925001442312151e+00,3.169925001442312151e+00,3.169925001442312151e+00,3.169925001442312151e+00,3.169925001442312151e+00,3.169925001442312151e+00,3.169925001442312151e+00,3.169925001442312151e+00,3.169925001442312151e+00,3.169925001442312151e+00,3.169925001442312151e+00,3.169925001442312151e+00,3.169925001442312151e+00,0.000000000000000000e+00
0.000000000000000000e+00,3.169925001442312151e+00,3.169925001442312151e+00,3.169925001442312151e+00,3.169925001442312151e+00,3.169925001442312151e+00,3.169925001442312151e+00,3.169925001442312151e+00,3.169925001442312151e+00,3.169925001442312151e+00,3.169925001442312151e+00,3.169925001442312151e+00,3.169925001442312151e+00,3.169925001442312151e+00,3.169925001442312151e+00,3.169925001442312151e+00,3.169925001442312151e+00,3.169925001442312151e+00,3.169925001442312151e+00,3.169925001442312151e+00,3.169925001442312151e+00,3.169925001442312151e+00,3.169925001442312151e+00,3.169925001442312151e+00,3.169925001442312151e+00,1.426479043763748057e-08,5.665095083395509379e-01,1.062067947902352039e+00,1.387579879637128810e+00,1.524549555469316697e+00,1.573991341636671537e+00,1.584749520579180615e+00,1.584872256249032718e+00,1.576851582886551917e+00,1.534918230646630466e+00,1.407577612109551124e+00,1.063162808859934971e+00,5.225593761240645563e-01,1.426479043763748057e-08,3.169925001442312151e+00,3.169925001442312151e+00,3.169925001442312151e+00,3.169925001442312151e+00,3.169925001442312151e+00,3.169925001442312151e+00,3.169925001442312151e+00,3.169925001442312151e+00,3.169925001442312151e+00,3.169925001442312151e+00,3.169925001442312151e+00,3.169925001442312151e+00,3.169925001442312151e+00,3.169925001442312151e+00,3.169925001442312151e+00,3.169925001442312151e+00,3.169925001442312151e+00,3.169925001442312151e+00,3.169925001442312151e+00,3.169925001442312151e+00,3.169925001442312151e+00,3.169925001442312151e+00,3.169925001442312151e+00,3.169925001442312151e+00,0.000000000000000000e+00
0.000000000000000000e+00,3.169925001442312151e+00,3.169925001442312151e+00,3.169925001442312151e+00,3.169925001442312151e+00,3.169925001442312151e+00,3.169925001442312151e+00,3.169925001442312151e+00,3.169925001442312151e+00,3.169925001442312151e+00,3.169925001442312151e+00,3.169925001442312151e+00,3.169925001442312151e+00,3.169925001442312151e+00,3.169925001442312151e+00,3.169925001442312151e+00,3.169925001442312151e+00,3.169925001442312151e+00,3.169925001442312151e+00,3.169925001442312151e+00,3.169925001442312151e+00,3.169925001442312151e+00,3.169925001442312151e+00,3.169925001442312151e+00,3.169925001442312151e+00,3.169925001442312151e+00,3.169925001442312151e+00,3.169925001442312151e+00,3.169925001442312151e+00,3.169925001442312151e+00,3.169925001442312151e+00,3.169925001442312151e+00,3.169925001442312151e+00,3.169925001442312151e+00,3.169925001442312151e+00,3.169925001442312151e+00,3.169925001442312151e+00,3.169925001442312151e+00,3.169925001442312151e+00,3.169925001442312151e+00,3.169925001442312151e+00,3.169925001442312151e+00,3.169925001442312151e+00,3.169925001442312151e+00,3.169925001442312151e+00,3.169925001442312151e+00,3.169925001442312151e+00,3.169925001442312151e+00,3.169925001442312151e+00,3.169925001442312151e+00,3.169925001442312151e+00,3.169925001442312151e+00,3.169925001442312151e+00,3.169925001442312151e+00,3.169925001442312151e+00,3.169925001442312151e+00,3.169925001442312151e+00,3.169925001442312151e+00,3.169925001442312151e+00,3.169925001442312151e+00,3.169925001442312151e+00,3.169925001442312151e+00,3.169925001442312151e+00,0.000000000000000000e+00
0.000000000000000000e+00,3.169925001442312151e+00,3.169925001442312151e+00,3.169925001442312151e+00,3.169925001442312151e+00,3.169925001442312151e+00,3.169925001442312151e+00,3.169925001442312151e+00,3.169925001442312151e+00,3.169925001442312151e+00,3.169925001442312151e+00,3.169925001442312151e+00,3.169925001442312151e+00,3.169925001442312151e+00,3.169925001442312151e+00,3.169925001442312151e+00,3.169925001442312151e+00,3.169925001442312151e+00,3.169925001442312151e+00,3.169925001442312151e+00,3.169925001442312151e+00,3.169925001442312151e+00,3.169925001442312151e+00,3.169925001442312151e+00,3.169925001442312151e+00,3.169925001442312151e+00,3.169925001442312151e+00,3.169925001442312151e+00,3.169925001442312151e+00,3.169925001442312151e+00,3.169925001442312151e+00,3.169925001442312151e+00,3.169925001442312151e+00,3.169925001442312151e+00,3.169925001442312151e+00,3.169925001442312151e+00,3.169925001442312151e+00,3.169925001442312151e+00,3.169925001442312151e+00,3.169925001442312151e+00,3.169925001442312151e+00,3.169925001442312151e+00,3.169925001442312151e+00,3.169925001442312151e+00,3.169925001442312151e+00,3.169925001442312151e+00,3.169925001442312151e+00,3.169925001442312151e+00,3.169925001442312151e+00,3.169925001442312151e+00,3.169925001442312151e+00,3.169925001442312151e+00,3.169925001442312151e+00,3.169925001442312151e+00,3.169925001442312151e+00,3.169925001442312151e+00,3.169925001442312151e+00,3.169925001442312151e+00,3.169925001442312151e+00,3.169925001442312151e+00,3.169925001442312151e+00,3.169925001442312151e+00,3.169925001442312151e+00,0.000000000000000000e+00
0.000000000000000000e+00,3.169925001442312151e+00,3.169925001442312151e+00,3.169925001442312151e+00,3.169925001442312151e+00,3.169925001442312151e+00,3.169925001442312151e+00,3.169925001442312151e+00,3.169925001442312151e+00,3.169925001442312151e+00,3.169925001442312151e+00,3.169925001442312151e+00,3.169925001442312151e+00,3.169925001442312151e+00,3.169925001442312151e+00,3.169925001442312151e+00,3.169925001442312151e+00,3.169925001442312151e+00,3.169925001442312151e+00,3.169925001442312151e+00,3.169925001442312151e+00,3.169925001442312151e+00,3.169925001442312151e+00,3.169925001442312151e+00,3.169925001442312151e+00,3.169925001442312151e+00,3.169925001442312151e+00,3.169925001442312151e+00,3.169925001442312151e+00,3.169925001442312151e+00,3.169925001442312151e+00,3.169925001442312151e+00,3.169925001442312151e+00,3.169925001442312151e+00,3.169925001442312151e+00,3.169925001442312151e+00,3.169925001442312151e+00,3.169925001442312151e+00,3.169925001442312151e+00,3.169925001442312151e+00,3.169925001442312151e+00,3.169925001442312151e+00,3.169925001442312151e+00,3.169925001442312151e+00,3.169925001442312151e+00,3.169925001442312151e+00,3.169925001442312151e+00,3.169925001442312151e+00,3.169925001442312151e+00,3.169925001442312151e+00,3.169925001442312151e+00,3.169925001442312151e+00,3.169925001442312151e+00,3.169925001442312151e+00,3.169925001442312151e+00,3.169925001442312151e+00,3.169925001442312151e+00,3.169925001442312151e+00,3.169925001442312151e+00,3.169925001442312151e+00,3.169925001442312151e+00,3.169925001442312151e+00,3.169925001442312151e+00,0.000000000000000000e+00
0.000000000000000000e+00,3.169925001442312151e+00,3.169925001442312151e+00,3.169925001442312151e+00,3.169925001442312151e+00,3.169925001442312151e+00,3.169925001442312151e+00,3.169925001442312151e+00,3.169925001442312151e+00,3.169925001442312151e+00,3.169925001442312151e+00,3.169925001442312151e+00,3.169925001442312151e+00,3.169925001442312151e+00,3.169925001442312151e+00,3.169925001442312151e+00,3.169925001442312151e+00,3.169925001442312151e+00,3.169925001442312151e+00,3.169925001442312151e+00,3.169925001442312151e+00,3.169925001442312151e+00,3.169925001442312151e+00,3.169925001442312151e+00,3.169925001442312151e+00,3.169925001442312151e+00,3.169925001442312151e+00,3.169925001442312151e+00,3.169925001442312151e+00,3.169925001442312151e+00,3.169925001442312151e+00,3.169925001442312151e+00,3.169925001442312151e+00,3.169925001442312151e+00,3.169925001442312151e+00,3.169925001442312151e+00,3.169925001442312151e+00,3.169925001442312151e+00,3.169925001442312151e+00,3.169925001442312151e+00,3.169925001442312151e+00,3.169925001442312151e+00,3.169925001442312151e+00,3.169925001442312151e+00,3.169925001442312151e+00,3.169925001442312151e+00,3.169925001442312151e+00,3.169925001442312151e+00,3.169925001442312151e+00,3.169925001442312151e+00,3.169925001442312151e+00,3.169925001442312151e+00,3.169925001442312151e+00,3.169925001442312151e+00,3.169925001442312151e+00,3.169925001442312151e+00,3.169925001442312151e+00,3.169925001442312151e+00,3.169925001442312151e+00,3.169925001442312151e+00,3.169925001442312151e+00,3.169925001442312151e+00,3.169925001442312151e+00,0.000000000000000000e+00
0.000000000000000000e+00,3.169925001442312151e+00,3.169925001442312151e+00,3.169925001442312151e+00,3.169925001442312151e+00,3.169925001442312151e+00,3.169925001442312151e+00,3.169925001442312151e+00,3.169925001442312151e+00,3.169925001442312151e+00,3.169925001442312151e+00,3.169925001442312151e+00,3.169925001442312151e+00,3.169925001442312151e+00,3.169925001442312151e+00,3.169925001442312151e+00,3.169925001442312151e+00,3.169925001442312151e+00,3.169925001442312151e+00,3.169925001442312151e+00,3.169925001442312151e+00,3.169925001442312151e+00,3.169925001442312151e+00,3.169925001442312151e+00,3.169925001442312151e+00,3.169925001442312151e+00,3.169925001442312151e+00,3.169925001442312151e+00,3.169925001442312151e+00,3.169925001442312151e+00,3.169925001442312151e+00,3.169925001442312151e+00,3.169925001442312151e+00,3.169925001442312151e+00,3.169925001442312151e+00,3.169925001442312151e+00,3.169925001442312151e+00,3.169925001442312151e+00,3.169925001442312151e+00,3.169925001442312151e+00,3.169925001442312151e+00,3.169925001442312151e+00,3.169925001442312151e+00,3.169925001442312151e+00,3.169925001442312151e+00,3.169925001442312151e+00,3.169925001442312151e+00,3.169925001442312151e+00,3.169925001442312151e+00,3.169925001442312151e+00,3.169925001442312151e+00,3.169925001442312151e+00,3.169925001442312151e+00,3.169925001442312151e+00,3.169925001442312151e+00,3.169925001442312151e+00,3.169925001442312151e+00,3.169925001442312151e+00,3.169925001442312151e+00,3.169925001442312151e+00,3.169925001442312151e+00,3.169925001442312151e+00,3.169925001442312151e+00,0.000000000000000000e+00
0.000000000000000000e+00,3.169925001442312151e+00,3.169925001442312151e+00,3.169925001442312151e+00,3.169925001442312151e+00,3.169925001442312151e+00,3.169925001442312151e+00,3.169925001442312151e+00,3.169925001442312151e+00,3.169925001442312151e+00,3.169925001442312151e+00,3.169925001442312151e+00,3.169925001442312151e+00,3.169925001442312151e+00,3.169925001442312151e+00,3.169925001442312151e+00,3.169925001442312151e+00,3.169925001442312151e+00,3.169925001442312151e+00,3.169925001442312151e+00,3.169925001442312151e+00,3.169925001442312151e+00,3.169925001442312151e+00,3.169925001442312151e+00,3.169925001442312151e+00,3.169925001442312151e+00,3.169925001442312151e+00,3.169925001442312151e+00,3.169925001442312151e+00,3.169925001442312151e+00,3.169925001442312151e+00,3.169925001442312151e+00,3.169925001442312151e+00,3.169925001442312151e+00,3.169925001442312151e+00,3.169925001442312151e+00,3.169925001442312151e+00,3.169925001442312151e+00,3.169925001442312151e+00,3.169925001442312151e+00,3.169925001442312151e+00,3.169925001442312151e+00,3.169925001442312151e+00,3.169925001442312151e+00,3.169925001442312151e+00,3.169925001442312151e+00,3.169925001442312151e+00,3.169925001442312151e+00,3.169925001442312151e+00,3.169925001442312151e+00,3.169925001442312151e+00,3.169925001442312151e+00,3.169925001442312151e+00,3.169925001442312151e+00,3.169925001442312151e+00,3.169925001442312151e+00,3.169925001442312151e+00,3.169925001442312151e+00,3.169925001442312151e+00,3.169925001442312151e+00,3.169925001442312151e+00,3.169925001442312151e+00,3.169925001442312151e+00,0.000000000000000000e+00
0.000000000000000000e+00,3.169925001442312151e+00,3.169925001442312151e+00,3.169925001442312151e+00,3.169925001442312151e+00,3.169925001442312151e+00,3.169925001442312151e+00,3.169925001442312151e+00,3.169925001442312151e+00,3.169925001442312151e+00,3.169925001442312151e+00,3.169925001442312151e+00,3.169925001442312151e+00,3.169925001442312151e+00,3.169925001442312151e+00,3.169925001442312151e+00,3.169925001442312151e+00,3.169925001442312151e+00,3.169925001442312151e+00,3.169925001442312151e+00,3.169925001442312151e+00,3.169925001442312151e+00,3.169925001442312151e+00,3.169925001442312151e+00,3.169925001442312151e+00,3.169925001442312151e+00,3.169925001442312151e+00,3.169925001442312151e+00,3.169925001442312151e+00,3.169925001442312151e+00,3.169925001442312151e+00,3.169925001442312151e+00,3.169925001442312151e+00,3.169925001442312151e+00,3.169925001442312151e+00,3.169925001442312151e+00,3.169925001442312151e+00,3.169925001442312151e+00,3.169925001442312151e+00,3.169925001442312151e+00,3.169925001442312151e+00,3.169925001442312151e+00,3.169925001442312151e+00,3.169925001442312151e+00,3.169925001442312151e+00,3.169925001442312151e+00,3.169925001442312151e+00,3.169925001442312151e+00,3.169925001442312151e+00,3.169925001442312151e+00,3.169925001442312151e+00,3.169925001442312151e+00,3.169925001442312151e+00,3.169925001442312151e+00,3.169925001442312151e+00,3.169925001442312151e+00,3.169925001442312151e+00,3.169925001442312151e+00,3.169925001442312151e+00,3.169925001442312151e+00,3.169925001442312151e+00,3.169925001442312151e+00,3.169925001442312151e+00,0.000000000000000000e+00
0.000000000000000000e+00,3.169925001442312151e+00,3.169925001442312151e+00,3.169925001442312151e+00,3.169925001442312151e+00,3.169925001442312151e+00,3.169925001442312151e+00,3.169925001442312151e+00,3.169925001442312151e+00,3.169925001442312151e+00,3.169925001442312151e+00,3.169925001442312151e+00,3.169925001442312151e+00,3.169925001442312151e+00,3.169925001442312151e+00,3.169925001442312151e+00,3.169925001442312151e+00,3.169925001442312151e+00,3.169925001442312151e+00,3.169925001442312151e+00,3.169925001442312151e+00,3.169925001442312151e+00,3.169925001442312151e+00,3.169925001442312151e+00,3.169925001442312151e+00,3.169925001442312151e+00,3.169925001442312151e+00,3.169925001442312151e+00,3.169925001442312151e+00,3.169925001442312151e+00,3.169925001442312151e+00,3.169925001442312151e+00,3.169925001442312151e+00,3.169925001442312151e+00,3.169925001442312151e+00,3.169925001442312151e+00,3.169925001442312151e+00,3.169925001442312151e+00,3.169925001442312151e+00,3.169925001442312151e+00,3.169925001442312151e+00,3.169925001442312151e+00,3.169925001442312151e+00,3.169925001442312151e+00,3.169925001442312151e+00,3.169925001442312151e+00,3.169925001442312151e+00,3.169925001442312151e+00,3.169925001442312151e+00,3.169925001442312151e+00,3.169925001442312151e+00,3.169925001442312151e+00,3.169925001442312151e+00,3.169925001442312151e+00,3.169925001442312151e+00,3.169925001442312151e+00,3.169925001442312151e+00,3.169925001442312151e+00,3.169925001442312151e+00,3.169925001442312151e+00,3.169925001442312151e+00,3.169925001442312151e+00,3.169925001442312151e+00,0.000000000000000000e+00
0.000000000000000000e+00,0.000000000000000000e+00,0.000000000000000000e+00,0.000000000000000000e+00,0.000000000000000000e+00,0.000000000000000000e+00,0.000000000000000000e+00,0.000000000000000000e+00,0.000000000000000000e+00,0.000000000000000000e+00,0.000000000000000000e+00,0.000000000000000000e+00,0.000000000000000000e+00,0.000000000000000000e+00,0.000000000000000000e+00,0.000000000000000000e+00,0.000000000000000000e+00,0.000000000000000000e+00,0.000000000000000000e+00,0.000000000000000000e+00,0.000000000000000000e+00,0.000000000000000000e+00,0.000000000000000000e+00,0.000000000000000000e+00,0.000000000000000000e+00,0.000000000000000000e+00,0.000000000000000000e+00,0.000000000000000000e+00,0.000000000000000000e+00,0.000000000000000000e+00,0.000000000000000000e+00,0.000000000000000000e+00,0.000000000000000000e+00,0.000000000000000000e+00,0.000000000000000000e+00,0.000000000000000000e+00,0.000000000000000000e+00,0.000000000000000000e+00,0.000000000000000000e+00,0.000000000000000000e+00,0.000000000000000000e+00,0.000000000000000000e+00,0.000000000000000000e+00,0.000000000000000000e+00,0.000000000000000000e+00,0.000000000000000000e+00,0.000000000000000000e+00,0.000000000000000000e+00,0.000000000000000000e+00,0.000000000000000000e+00,0.000000000000000000e+00,0.000000000000000000e+00,0.000000000000000000e+00,0.000000000000000000e+00,0.000000000000000000e+00,0.000000000000000000e+00,0.000000000000000000e+00,0.000000000000000000e+00,0.000000000000000000e+00,0.000000000000000000e+00,0.000000000000000000e+00,0.000000000000000000e+00,0.000000000000000000e+00,0.000000000000000000e+00
