x,y,direction,magnitude,variation,score,entropy,entropy_norm,combined_score
419,384,157.5,1044.0,49.55459770114468,0.33982527588049305,3.106629573614387,0.9800325156591636,0.9393388216649053
504,652,112.5,1264.0,45.54588607594576,0.3781529164480585,2.746754782505768,0.8665046590237933,0.9332523295118966
732,435,112.5,999.0,51.816816816811624,0.34002233315847386,3.0306047283990543,0.9560493472306546,0.9276077898216755
537,438,67.5,1037.0,49.39247830279176,0.3364424592751298,3.046073114984316,0.960929079898848,0.9253142880821243
350,511,90.0,1327.0,39.63074604370462,0.34544140830299586,2.955571866326676,0.9323791146421113,0.9229378637306458
479,617,90.0,1343.0,39.78406552494119,0.350959012086501,2.9014044255227103,0.9152911896030899,0.9216893675998796
251,640,90.0,1298.0,41.61402157164548,0.3548016290071552,2.8367351383053543,0.8948903008792458,0.9165696944729746
455,59,90.0,1266.0,40.78199052132379,0.3391355754075607,2.9605934635425184,0.9339632521890743,0.9153922566312752
826,523,90.0,1293.0,40.04640371229388,0.34012086179747275,2.933420802441597,0.925391232002932,0.9124090083933376
324,527,90.0,1317.0,40.03416856491723,0.3463281660539161,2.8446909923321746,0.8974000933895417,0.9066208387739803
485,178,157.5,918.0,51.69934640522312,0.31174461376800977,3.114821483627485,0.9826167755420853,0.9035022387350742
200,672,112.5,1214.0,41.37973640856332,0.32997241198138205,2.958488159743217,0.9332991027854313,0.9029444966767165
475,429,67.5,983.0,48.68769074261965,0.3143720441411094,3.0820045803156777,0.972264195182337,0.9017999801688905
719,354,157.5,1119.0,42.37265415549219,0.31144902785104245,3.0967964963173396,0.976930525141226,0.9002682849781127
442,558,90.0,1419.0,36.08174770965215,0.3363110877564838,2.871700306160895,0.9059205832485863,0.8976363381763208
497,190,112.5,955.0,49.332460732979115,0.30946203363138264,3.0934557177363575,0.9758766268378081,0.8971140994185461
112,564,90.0,1185.0,40.949367088604134,0.3187401471363895,3.0136126977351565,0.9506889583709287,0.8967879393209495
585,233,157.5,910.0,51.239010989005365,0.30627627430400056,3.116936332399945,0.9832839360495099,0.8966054906927989
486,380,157.5,1149.0,41.39686684072747,0.31243431424095475,3.050567923973009,0.9623470342626417,0.8942793013939545
475,436,112.5,1066.0,44.36679174483636,0.31066079873911184,3.0596761360336333,0.9652203552580846,0.893370990552434
749,522,67.5,1091.0,44.775435380380856,0.32087493431452885,2.9656561433113184,0.9355603498385444,0.8920462857408753
499,293,157.5,1090.0,43.110091743115305,0.3086573830796256,3.062180225872895,0.9660103076506881,0.8911170176432996
476,621,90.0,1242.0,41.207729468595716,0.33617971623782544,2.808402867016811,0.8859524644081455,0.8874785771754115
296,435,112.5,922.0,50.26030368763012,0.3043878087233371,3.065389595146005,0.9670227509329894,0.8859779379122011
415,190,157.5,862.0,52.29118329465751,0.29607856016841433,3.134639185085679,0.988868564290771,0.8859142196128021
556,329,157.5,1042.0,44.095489443373886,0.3018096426697391,3.0819166357915324,0.9722364517738634,0.8851758948117123
681,321,112.5,1012.0,46.13636363635908,0.3066868102998004,3.0340013536437382,0.9571208631949563,0.8840667717051652
716,368,112.5,1096.0,41.96167883211296,0.30208880714688213,3.0558241613145087,0.9640051925279344,0.8814293810477041
430,36,67.5,1005.0,45.94029850745811,0.30327115081477346,3.026897039266005,0.9548797015351372,0.8784299497774615
459,436,112.5,1046.0,43.33652007647769,0.29775354703126994,3.070003023747226,0.9684781256182334,0.8779336954302671
605,507,90.0,1374.0,35.03275109170051,0.31617840252262325,2.912613764854311,0.9188273424541827,0.877469950539236
322,438,67.5,900.0,49.949999999994446,0.2952903310564865,3.0868826616047547,0.9738030584951461,0.8773392572308853
493,479,90.0,1373.0,35.832119446464986,0.3231575144511635,2.8506842929256644,0.8992907692228069,0.8769295603974059
522,436,112.5,984.0,45.59451219511731,0.29469915922254236,3.084541195770651,0.973064408264293,0.8761882750023826
515,353,157.5,1048.0,42.05152671755324,0.289477141356013,3.103145977172485,0.9789335633368477,0.8722182147064583
473,340,157.5,964.0,45.23599585061772,0.28643917498711674,3.123886935153799,0.985476607090841,0.8714728875301256
635,337,67.5,960.0,46.91145833332845,0.295815817131108,3.0320743128233025,0.9565129494999762,0.8693890090560406
451,653,90.0,1200.0,41.30624999999655,0.3255878875462752,2.781047216585334,0.8773227175153863,0.8691590137863522
405,351,157.5,1026.0,42.80701754385548,0.2884918549661009,3.0793301636148978,0.9714205106473517,0.8671589265065767
598,280,157.5,977.0,45.19191402251328,0.2900190488704623,3.0529252024661426,0.9630906728320275,0.8650132884743686
232,434,90.0,1344.0,34.66703869047361,0.3060463741463653,2.917740935598153,0.9204447847411482,0.8648819372724347
273,552,90.0,1222.0,36.489361702124675,0.29289280084104374,3.0261762395703826,0.9546523145479705,0.8645938314098189
302,427,67.5,1080.0,40.37037037036663,0.28638991066762426,3.0793613760336815,0.9714303570691974,0.8643846244265513
670,492,112.5,1264.0,38.29509493670584,0.31795191802446204,2.8132024163890015,0.8874665536594708,0.8641345274811165
705,435,67.5,939.0,46.618743343978,0.2875394114558505,3.0604510192830774,0.9654648037068939,0.8629217365763826
720,508,67.5,1502.0,31.547936085217607,0.31125197057306725,2.856029640265981,0.9009770385628969,0.8620309893179311
397,24,90.0,1226.0,37.01264274061688,0.2980655543880795,2.964812799937866,0.9352943046251503,0.8617543261878566
865,30,67.5,873.0,49.27835051545828,0.2825801366266268,3.0933588280101363,0.975846061532264,0.8615551308182294
488,305,112.5,1020.0,42.3382352941135,0.2836639516555342,3.074580233078314,0.9699220743958875,0.8600261752906935
640,548,90.0,1227.0,36.9926650366718,0.2981476615872388,2.941963233327497,0.9280860689098029,0.8582587718181107
515,436,67.5,1024.0,41.77734374999592,0.28100367840277307,3.0854212793971825,0.9733420437370977,0.85821870295244
320,302,157.5,969.0,43.41331269349397,0.27632356805069175,3.121880839388308,0.9848437543373599,0.857781439440688
320,551,90.0,1183.0,38.71090448013197,0.30080793483999907,2.9136160894676144,0.9191435406648176,0.8573049647044755
146,510,67.5,1413.0,32.434536447273004,0.30103783499764925,2.910052666044188,0.9180194057336111,0.8570468750050754
168,507,90.0,1243.0,36.47224456958676,0.29778638991093814,2.93525734449442,0.9259705965153375,0.8567233562739962
451,537,90.0,1307.0,36.46901300688321,0.3130911718342324,2.800065766958237,0.8833224021654171,0.8556354932487684
515,293,45.0,1058.0,40.55529300566724,0.28184117183419877,3.0612883803930955,0.965728961726291,0.8555195095239007
544,281,112.5,981.0,44.10550458715146,0.2842058591699843,3.0405729350764124,0.959193966321902,0.8553786402740222
450,114,67.5,798.0,52.58145363407862,0.27561744613791567,3.1111976281965585,0.9814735764350788,0.8551627044933607
351,526,67.5,1378.0,32.29680696661595,0.2923344718867632,2.969590540702958,0.9368015140269242,0.8549301994313907
482,114,67.5,795.0,53.02515723269773,0.2768983184448005,3.097922023106688,0.9772855893111467,0.8547623013430672
567,107,112.5,961.0,44.13891779396002,0.2786225696271517,3.078722469274527,0.9712288044271434,0.854013742147556
315,554,90.0,1146.0,37.53926701570353,0.2825801366266345,3.03631941365535,0.9578521297109012,0.8525581649075582
340,29,67.5,1007.0,43.40615690168387,0.2871124540202242,2.994266090438394,0.9445857832838336,0.8519176962276309
702,643,90.0,1223.0,36.18969746524643,0.29072517078323834,2.9572403350061816,0.9329054579085122,0.8508543270087976
417,31,90.0,1284.0,36.11954828660154,0.3046341303208243,2.8380747103720014,0.8953128888161962,0.8504486973176001
539,614,90.0,1265.0,35.16798418972054,0.29221952180793825,2.9409453490144264,0.927764962160398,0.8502599346150262
625,285,157.5,911.0,45.04939626783259,0.2695743562797958,3.121437521421644,0.9847039030896294,0.8487875951091602
317,524,67.5,1161.0,38.699397071486764,0.29512611665817534,2.901718984187613,0.9153904218135555,0.8479158119142443
545,165,112.5,1013.0,41.02912142151618,0.2730064372046574,3.0869784992275675,0.9738332918990186,0.8478902433092383
588,656,90.0,1300.0,33.92307692307432,0.2896741986340008,2.939439340976075,0.9272898695201414,0.846656920169139
681,336,67.5,952.0,43.55567226890298,0.27236600105121317,3.084504808666325,0.9730529294109102,0.8466532668593454
698,436,112.5,1020.0,40.53431372548622,0.27157777193928584,3.0868695961488872,0.9737989368027209,0.8459840610711471
322,340,157.5,1014.0,40.332840236682415,0.26863833420938293,3.109421001676822,0.9809131131689359,0.8456545763864414
707,639,90.0,1194.0,36.30653266331354,0.28474776668444085,2.972612699348411,0.937754898931639,0.8453756255992206
471,198,157.5,973.0,41.916752312431456,0.2678993694169481,3.111406648145921,0.9815395148876501,0.8449907058544472
616,426,90.0,919.0,44.581066376491336,0.269114555964504,3.0906380995056457,0.9749877672498274,0.8433215716568643
403,284,157.5,943.0,42.8499469777261,0.2654197320023365,3.1156688408680844,0.9828840869895845,0.8423843745699956
807,494,90.0,1133.0,36.43424536628098,0.27115081450366013,3.0636434258571446,0.9664718958534319,0.8417560104592817
580,360,112.5,1067.0,39.004217432048826,0.2733677088809597,3.0430774245052747,0.9599840447709891,0.8414432990921075
598,311,157.5,973.0,41.14594039054048,0.2629729374673904,3.1281665467351374,0.9868266742310389,0.8411204762504774
418,343,157.5,1039.0,39.24927815206552,0.2678665265372862,3.0841620907024954,0.9729448139306782,0.8406499299807926
431,343,157.5,943.0,42.375397667015655,0.2624802942724338,3.1282424001908047,0.9868506033320846,0.8404810598734327
543,256,157.5,931.0,43.10687432867421,0.2636133736208317,3.109617707630737,0.9809751669884507,0.8390415178350181
706,537,90.0,1193.0,36.06873428331634,0.28264582238596286,2.9433641826056784,0.9285280192012276,0.8379829604430648
809,616,67.5,1293.0,32.5212683681336,0.2762086179718758,2.996796619837042,0.9453840764287808,0.8378996116033088
667,608,90.0,1320.0,33.11931818181567,0.28716171833972653,2.898857877799466,0.9144878432393476,0.8369338642981536
470,305,112.5,968.0,41.5650826446238,0.26428665265393897,3.087287230317223,0.9739306857141765,0.8364094977988898
388,435,67.5,862.0,46.90255220417089,0.26556752496082064,3.073289355636158,0.9695148479026523,0.835895169304796
801,620,67.5,1384.0,31.66907514450638,0.2879006831321612,2.8821576661660653,0.9092195130341213,0.8352767705868913
336,324,157.5,904.0,43.506637168136784,0.2583420914348042,3.1280081373743247,0.9867767016415482,0.834972509236605
561,505,90.0,1314.0,32.07191780821674,0.276816211245655,2.9514490823723665,0.9310785211099507,0.8315502037545597
227,540,90.0,738.0,53.02845528454566,0.25706121912791274,3.1133303041603795,0.9821463607952295,0.8309637484017645
432,207,112.5,1008.0,39.211309523805625,0.259622963741692,3.090340928460203,0.9748940202225925,0.8307247589388036
386,195,157.5,892.0,43.76401345290989,0.2564207829744763,3.112408569870074,0.9818555860009092,0.829971565798776
321,429,112.5,980.0,40.4285714285673,0.26024697845530204,3.0752616844424345,0.9701370483665053,0.82917135551901
471,44,90.0,1184.0,34.702280405402476,0.26988636363660806,2.984973208380752,0.9416542053905352,0.8276752875137476
220,563,157.5,1184.0,34.01393581080794,0.2645329742514219,3.0289637422505558,0.9555316737375114,0.8275356822743472
675,479,90.0,1222.0,33.21194762683852,0.266585654230405,3.00953945958874,0.9494039948009506,0.8271859300042611
409,436,67.5,1037.0,37.77242044358363,0.2572911192855688,3.0864020079320604,0.9736514291435132,0.8270202603421173
371,427,112.5,1098.0,36.08834244079817,0.2602798213349686,3.058405320735093,0.9648194576665133,0.8265559855641889
782,628,67.5,1293.0,33.209590100538804,0.2820546505520178,2.87402502652619,0.9066539508721854,0.8262642691654664
515,252,157.5,1005.0,38.67910447760809,0.25533696794557686,3.095704680405144,0.9765860955690123,0.8259037825421858
637,114,112.5,716.0,53.784916201109795,0.252955859169947,3.1154818529082444,0.9828250988558732,0.8258749430356982
515,269,157.5,1035.0,37.37681159419928,0.2541053599581881,3.1027271595341093,0.9788014410821617,0.8253830029798452
279,513,112.5,970.0,39.943298969068046,0.2544994745141511,3.0985102031723306,0.9774711394630826,0.8252389569123567
141,39,90.0,967.0,40.15253360909615,0.2550413820286023,3.091957982826513,0.9754041440790164,0.8249219782406465
628,175,157.5,856.0,44.56483644859292,0.25057475039433336,3.12507568177035,0.9858516148957608,0.8242398599057454
543,325,157.5,1026.0,37.3318713450256,0.25159287966391347,3.1153148055365945,0.9827724012773582,0.8240464403468544
475,115,112.5,931.0,41.200322234152395,0.2519541513402118,3.105012050032311,0.979522243781646,0.822899040945877
658,174,112.5,789.0,48.11153358681266,0.24934314240694147,3.126758764538298,0.9863825683937715,0.8228768843358314
922,153,90.0,1149.0,34.90861618798652,0.2634655806623504,3.0073178399790903,0.9487031518445276,0.8227100959847937
344,23,90.0,1208.0,33.41887417218266,0.2651734104048648,2.98740922198101,0.9424226821207892,0.8218279816718229
373,56,90.0,1200.0,34.09791666666383,0.26876970572804193,2.9565801508924996,0.9326971930084338,0.8217203178868802
474,257,112.5,938.0,40.69296375266091,0.2507225433528227,3.105398717115464,0.97964422366539,0.8213315785688333
543,308,157.5,1132.0,33.99514134275317,0.2527752233318096,3.084575030235622,0.973075081849616,0.8207610948591457
963,132,112.5,791.0,48.00252844500025,0.24940882816626897,3.1059047256170635,0.9798038515749994,0.8196743767167876
474,525,157.5,1135.0,35.6585903083669,0.26584668943796963,2.9676252616473215,0.9361815375117883,0.8195976299683281
386,660,90.0,1244.0,31.981511254016723,0.2613307934842104,3.003259475886605,0.9474228805161402,0.8192473096344811
331,523,90.0,1302.0,32.03533026113425,0.27397530215474303,2.896665597225131,0.9137962557180853,0.8191527743763268
589,639,157.5,1313.0,31.53465346534413,0.2719718864952564,2.9133017740506166,0.9190443851905227,0.8191278900071088
708,240,112.5,906.0,41.738410596021886,0.2483906988966977,3.1099564672904547,0.9810820337627635,0.8189672805603709
277,549,90.0,1246.0,32.28130016051105,0.2642045454547858,2.975303716947212,0.938603820466873,0.8186375016873184
795,623,67.5,1292.0,32.41873065015229,0.27512480294297315,2.880734305731214,0.9087704928099194,0.8181597817532322
907,86,90.0,1014.0,38.24211045364515,0.2547129532319664,3.0466910727666234,0.9611240238745026,0.8173476641866804
514,549,112.5,1185.0,36.983122362866084,0.28786784025249407,2.7651254402353014,0.8722999563009133,0.8167735668251117
542,365,45.0,1062.0,35.57909604519439,0.24819364161871943,3.0962894984213025,0.9767705851124221,0.816551003864179
508,429,90.0,1044.0,36.683429118770434,0.2515600367842502,3.0641286632452913,0.9666249712062955,0.8159292999161526
392,107,112.5,790.0,47.32278481012059,0.245566211245614,3.109731418501384,0.9810110387742483,0.815197199081394
216,567,90.0,1337.0,29.83919222138895,0.2620533368368137,2.9648534802724065,0.9353071378418737,0.814144796991114
978,66,67.5,919.0,41.13166485309672,0.24829217025770697,3.0770451827149206,0.9706996794292826,0.8136458272081178
779,636,67.5,1232.0,33.035714285711606,0.2673410404626707,2.9150233280728375,0.9195874750180226,0.8132764542017326
500,51,157.5,804.0,46.57649253730764,0.24597674724141097,3.090128251681224,0.9748269281687166,0.8126479612182675
689,361,67.5,831.0,45.44825511431463,0.24807869153988993,3.0638379186148583,0.96653325148728,0.8112803481685006
543,339,157.5,875.0,41.708571428566664,0.2397201786654753,3.13304054049723,0.9883642480726516,0.8111440833901449
423,429,90.0,1031.0,36.58826382152894,0.24778310562292225,3.064499447796176,0.9667419407089543,0.8109938642228055
470,289,112.5,989.0,37.6061678463056,0.24430176037856713,3.089245261579145,0.9745483758049615,0.8102939898826718
647,114,67.5,693.0,52.683982683975074,0.23981870730445917,3.1266407601188386,0.9863453421441265,0.810264906611386
746,429,67.5,916.0,40.38755458514842,0.24300446663184827,3.098754639649375,0.9775482505861953,0.8100786241640278
829,518,90.0,1201.0,32.40008326394401,0.2555997109828907,2.989452989708457,0.9430674190551069,0.8094918474466072
487,199,67.5,985.0,37.76903553299108,0.2443674461378944,3.0829292372386674,0.9725558919646169,0.8093845987528414
1017,126,157.5,927.0,39.87055016180799,0.24277456647420256,3.096170948148153,0.9767331866651101,0.8093671144372879
457,193,157.5,966.0,38.26863354036871,0.24282383079369924,3.0945380601496315,0.9762180678538517,0.8091746931244168
141,57,67.5,774.0,46.88630490955466,0.2383736205992593,3.1230781314846023,0.9852214579409941,0.8077922471222965
585,430,90.0,641.0,55.99843993758876,0.2357790331058193,3.144238624961959,0.9918968504085535,0.8076993371375514
457,304,22.5,841.0,42.6367419738356,0.2355327115083502,3.1450744050379695,0.9921605096672523,0.8075054763031293
626,361,112.5,909.0,40.12651265126071,0.2395888071468214,3.110825426720314,0.9813561599422359,0.8074663377442539
467,430,67.5,733.0,50.09890859480899,0.24121452969016913,3.092720278960384,0.9756446217349621,0.806760125701578
242,539,90.0,1214.0,31.68245469521979,0.25264385181315624,2.9967084664890957,0.9453562671437327,0.8067279859255216
583,56,90.0,1322.0,30.17776096822767,0.2620533368368134,2.915741176331355,0.9198139309304467,0.8063981935354001
364,288,67.5,826.0,44.703389830503056,0.2425446663165533,3.075171262781421,0.9701085235083546,0.8057508050927082
434,376,67.5,1014.0,37.549309664690576,0.250098528639214,3.010736377051076,0.949781580220729,0.8055751743382547
340,553,157.5,854.0,44.83313817329686,0.2514943510249174,2.998185060414859,0.9458220806645864,0.8054410038549488
820,616,67.5,1287.0,31.165501165498743,0.2634655806623528,2.895223287309702,0.9133412575983276,0.805029148861697
426,610,90.0,1322.0,29.74470499243345,0.2582928271153176,2.938334587284471,0.9269413585329409,0.8049896995895567
494,436,67.5,1091.0,33.648029330886004,0.2411324224910206,3.069932512657493,0.9684558818459986,0.8030571922691827
663,115,112.5,798.0,44.64912280701194,0.23403836048364954,3.1286019386335204,0.9869640250826156,0.8029313785305241
511,545,45.0,1140.0,32.91447368420764,0.24646939043637586,3.0204416248536967,0.9528432450229579,0.8023075005729666
415,210,157.5,891.0,40.530303030298484,0.2372076983712014,3.09798568719753,0.9773056730957198,0.8022927531710908
641,543,90.0,1053.0,35.00474833807834,0.24211770888093134,3.0536747175816017,0.963327118525575,0.8017955724641026
416,253,157.5,912.0,39.161184210522016,0.23459668943793638,3.116298832630219,0.9830828272632024,0.8017290113387309
455,649,90.0,1170.0,32.12393162392888,0.24687992643217288,3.010438475098473,0.9496876026179569,0.8012724968101055
493,426,67.5,833.0,42.78511404561311,0.23410404624297826,3.113030426955819,0.982051760069842,0.8005620968144811
432,384,157.5,1088.0,33.111213235291075,0.23663294797709114,3.0911161704068024,0.9751385818277556,0.8004492631216209
557,429,90.0,1076.0,34.289033457245885,0.24234760903857788,3.042737758289346,0.9598768920100329,0.8003744369725299
629,645,90.0,1297.0,30.597532767923617,0.2606739358909368,2.888528899129658,0.9112294132559542,0.8002820681009672
530,383,112.5,979.0,36.764555669046295,0.23641946925927454,3.091788381399386,0.9753506407857051,0.8002730275319805
488,207,112.5,960.0,37.27083333332945,0.235023646873566,3.102323774516075,0.9786741872771506,0.8000892214829309
556,251,157.5,826.0,42.80266343825147,0.23223200210214606,3.125576725905846,0.9860096767222291,0.8000658076159219
717,502,67.5,1411.0,27.44861800141549,0.25440094587516815,2.938007435437279,0.9268381536157763,0.799792187803201
531,191,67.5,925.0,38.502702702698535,0.2339398318446624,3.108696450942058,0.9806845428606685,0.7996613612340426
418,611,67.5,1407.0,26.9189765458403,0.2487848134526721,2.984201391384098,0.9414107242367846,0.7996527305394476
627,194,157.5,793.0,44.18978562420628,0.23017932212316258,3.139071140331247,0.990266690506234,0.7994802273097295
1007,53,67.5,730.0,48.17123287670573,0.23098397267492113,3.122461146981525,0.985026821000752,0.7979242147386769
502,527,90.0,1335.0,29.589887640447223,0.2594751707832117,2.881941134521383,0.9091512049055112,0.7976579370020015
585,224,157.5,882.0,39.753401360539705,0.23031069364182036,3.1240657380087935,0.9855330131114608,0.7972870901930311
572,162,157.5,903.0,38.71262458471332,0.2296209931688829,3.127272489205154,0.9865446304825033,0.7968809655799602
405,380,157.5,1156.0,30.89316608996272,0.2345802679981099,3.0763552082370174,0.9704820167156254,0.7954068933673639
430,252,157.5,967.0,36.42192347466013,0.23134524435122975,3.1024753912818395,0.9787220170414812,0.7952494921059339
271,628,67.5,1450.0,27.455172413791207,0.26149500788253194,2.8478725802044105,0.8984037726156398,0.7949548826600903
229,670,112.5,1230.0,30.764227642273923,0.24855491329502355,2.954955455412321,0.9321846586489648,0.7947357199793368
288,436,112.5,870.0,40.06321839079999,0.22894771413577572,3.1182565533975177,0.983700419403839,0.7945686394396193
489,376,112.5,1025.0,34.587804878045404,0.23287243825559403,3.085126560738341,0.9732490703516998,0.794532299636501
341,435,112.5,841.0,41.85493460165971,0.23121387283257136,3.0989320033517664,0.9776042026047165,0.7945168833068624
461,54,90.0,1321.0,29.284632853896344,0.2541053599581934,2.904433329592084,0.9162467024521306,0.7941056336648367
391,363,157.5,1045.0,34.112440191384295,0.23415331056247948,3.0710766527159974,0.9688168178485803,0.7940097637966144
312,428,67.5,953.0,37.33997901363721,0.23374277456668083,3.0685462570513735,0.9680185668920205,0.793067820878693
556,265,157.5,916.0,37.93395196506137,0.2282415922230072,3.1145691130520787,0.9825371614896105,0.7930533644863283
384,107,112.5,834.0,41.738609112704836,0.22865212821880118,3.109693226127426,0.9809989904217038,0.7928270963920104
738,497,90.0,1321.0,29.74261922785543,0.2580793483975034,2.8622573647829364,0.9029416669102938,0.7927075887096209
429,189,157.5,923.0,37.8819068255647,0.22967025748837908,3.099853828321276,0.9778950060051411,0.7926212914340365
663,614,112.5,1053.0,35.05223171889506,0.24244613767756856,2.9925072364885517,0.9440309266392627,0.7925817304726575
344,193,157.5,907.0,37.92171995589438,0.22592616920671477,3.130654394010042,0.9876115026650782,0.7925290447144997
949,113,90.0,1015.0,34.74876847290298,0.2316736731478681,3.0807673257412906,0.9718738848204753,0.7922596799471433
552,435,67.5,784.0,45.16581632652485,0.23259327377844544,3.071580907332102,0.9689758924689184,0.7920265948361466
279,504,90.0,1333.0,27.921980495121684,0.24448239621672394,2.969386094818962,0.9367370185313201,0.7916271509193005
638,375,112.5,1054.0,35.78273244781444,0.24773384130342718,2.9412773047741005,0.927869682543222,0.7914925970471834
530,521,157.5,922.0,39.08893709327125,0.23673147661607832,3.032651603395685,0.9566950643992623,0.7913577805928824
353,602,67.5,1461.0,27.032854209443737,0.2594259064637178,2.8417319582089555,0.8964666220544558,0.7912505074837195
477,651,67.5,1446.0,27.472337482709026,0.2609366789282487,2.8285787250858485,0.8923172389879409,0.7911733841283322
226,502,90.0,1302.0,28.742319508446332,0.24581253284310411,2.955351245551493,0.9323095165364517,0.7911721284262951
117,561,90.0,1146.0,33.955061082021466,0.25559971098288964,2.8721832431610017,0.9060729329098203,0.7909946043739624
653,260,157.5,729.0,46.748971193409226,0.22385706778789455,3.138166564452949,0.9899813285882431,0.7909781577802952
583,317,157.5,957.0,35.81504702193982,0.22513794009478677,3.124580915985521,0.9856955336684121,0.790528850732062
517,240,112.5,958.0,36.26826722337826,0.22822517078317636,3.096310043609509,0.9767770663976884,0.7901516042427832
430,292,157.5,943.0,37.09437963944463,0.2297687861273707,3.0830112958087863,0.9725817785613287,0.7900949538976443
432,104,112.5,799.0,42.63454317896838,0.22375853914890606,3.1306758776982906,0.9876182800141445,0.7896663573077362
1011,136,67.5,915.0,38.109289617482176,0.22904624277476818,3.0855917353076037,0.9733958165898762,0.7895466142181529
613,438,157.5,815.0,42.297546012264746,0.22643523384149955,3.106299053078862,0.9799282480391489,0.7893605110266833
331,610,67.5,1432.0,26.864525139662923,0.252693116132655,2.885376201310742,0.9102348478269672,0.7892324143598999
388,229,157.5,915.0,37.36885245901231,0.22459603258033442,3.120438225879064,0.9843886604444169,0.7891588950997399
463,14,90.0,1236.0,29.852346278314737,0.24236403047841268,2.9698482238923463,0.9368828040225142,0.78889910567636
755,645,90.0,1024.0,35.15380859374656,0.23645231213893927,3.0176051950178957,0.9519484510342954,0.788615358051448
348,300,157.5,856.0,39.91822429906075,0.22444823962184599,3.1173888435929884,0.9834266874372676,0.7884824943178931
27,585,112.5,834.0,40.8453237410023,0.22375853914890723,3.122674486709992,0.9850941221919064,0.7884042783966186
472,244,157.5,926.0,37.24082073433723,0.22651734104066218,3.0992371191119825,0.9777004559104187,0.7883551784502503
499,261,157.5,947.0,35.91605068637424,0.22341368891244137,3.125044795123187,0.9858418712434189,0.7883221862730826
460,618,67.5,1440.0,27.24305555555366,0.25768523384154035,2.837366560498771,0.8950894924036915,0.7882603967142687
192,438,67.5,1428.0,27.475490196076507,0.25771807672120395,2.8342354918656327,0.8941017502231311,0.7878099510191594
130,565,112.5,1277.0,28.564996084570982,0.2396052285866609,2.9855749499846875,0.9418440337314777,0.7877319873364705
403,301,157.5,1002.0,34.43113772454746,0.22661586967965522,3.0942739280934815,0.9761347434673029,0.7877025984142081
593,655,45.0,1338.0,28.598654708518048,0.2513465580664413,2.886681620044926,0.9106466615871004,0.7876578800379499
323,356,157.5,999.0,34.436936936933485,0.22597543352621258,3.0953787128774115,0.9764832642630403,0.7870300636062403
471,168,45.0,926.0,37.070734341248695,0.22548279033125507,3.099280746912828,0.9777142189492366,0.7869941600217697
757,617,90.0,1148.0,33.0966898954675,0.24957304256459736,2.8968961227581893,0.9138689784269675,0.7869240671186402
64,79,90.0,869.0,38.872266973528326,0.22188649500807645,3.125791216213395,0.9860773408806719,0.7864206402162505
711,196,157.5,762.0,43.81889763778952,0.21932475039430288,3.1442477439259626,0.9918997271214094,0.7859446525132692
68,453,112.5,1176.0,32.05782312924897,0.2476353126644385,2.904414724477151,0.9162408331918408,0.7855478961859828
141,512,67.5,1369.0,27.61139517896073,0.24829217025771583,2.896694177125374,0.913805271672794,0.7851986233298853
567,345,112.5,988.0,34.52935222671715,0.2240869679455486,3.0993739590414107,0.9777436241018949,0.7851632833033293
331,165,112.5,829.0,40.84137515077915,0.22239555964286284,3.1128255920170393,0.9819871418411185,0.7850486343216241
581,337,90.0,946.0,36.46934460887563,0.22661586967965383,3.0770257499898777,0.9706935490870715,0.7849820012240906
565,428,67.5,834.0,41.666666666661676,0.22825801366283657,3.062573816084818,0.9661344715383962,0.7848737322083035
472,236,157.5,1003.0,33.73629112661678,0.22226418812421259,3.1124258630546815,0.9818610413932606,0.784811882517017
529,433,112.5,804.0,41.623134328353025,0.2198173935892601,3.1302745177743247,0.9874916650551835,0.7843920024077244
20,695,157.5,1161.0,31.60637381567342,0.24103389385203083,2.950914839398007,0.9309099862158708,0.7841539682686073
380,26,67.5,1264.0,27.994462025314238,0.2324290593801381,3.0225504839453294,0.9535085159964583,0.7840757796240759
227,535,157.5,1004.0,34.74601593625152,0.22914477141376158,3.0489597901635417,0.9618397245285829,0.7838988443730226
458,252,157.5,1034.0,32.90377176015156,0.22347937467177081,3.0962809599135364,0.9767678915131214,0.7838720471982787
618,50,67.5,1000.0,34.78999999999652,0.22852075670015082,3.052370580332975,0.9629157090291253,0.7836117541150427
543,315,157.5,1030.0,32.67718446601624,0.22108184445631932,3.113304142962616,0.9821381078562003,0.783387101522328
321,256,90.0,984.0,34.77642276422411,0.2247766684184866,3.0818651546996128,0.9722202112975442,0.7833135101997468
430,261,157.5,969.0,34.72136222909858,0.22099973725715866,3.112431259363912,0.9818627437392872,0.783140855975942
455,216,67.5,896.0,38.789062499995666,0.22829085654250214,3.0472994646601457,0.96131595014823,0.782507896908394
571,177,157.5,931.0,35.767991407085304,0.21873357856036116,3.121167581912223,0.9846187466555503,0.7815225051672667
333,253,157.5,867.0,38.07958477508211,0.21686153441952755,3.1329034866309375,0.9883210123916085,0.7808983905105411
725,429,90.0,897.0,37.80657748048631,0.22275683131916577,3.0827443150492626,0.9724975555089214,0.7807815205024102
352,644,67.5,1315.0,26.733840304180475,0.23091828691560776,3.0135524668085085,0.950669957629075,0.7806589322625148
740,435,67.5,975.0,35.502564102560456,0.2273712559119201,3.043034144912624,0.9599703915796264,0.7806192065593042
377,51,90.0,1152.0,30.128038194441828,0.22797884918570252,3.0358627037013277,0.9577080537615288,0.7802914074609255
668,289,112.5,828.0,40.471014492748736,0.22011297950623443,3.1005579001470807,0.9781171159369165,0.780095556405132
458,244,157.5,949.0,35.02634351949051,0.218339464004397,3.1148434300512893,0.9826236988679666,0.7800038765314223
530,391,90.0,1089.0,31.650596877866704,0.2264023909618429,3.044789427592336,0.9605241216139057,0.7796150224188998
470,344,112.5,1031.0,34.073714839957894,0.23075407251728433,3.0080694788859694,0.9489402675196736,0.7795769602319523
624,630,157.5,1260.0,27.857142857140648,0.2305570152393061,3.0069205246876667,0.9485778128250736,0.7791351805136311
489,345,112.5,1022.0,33.9726027397227,0.22806095638485926,3.026920162026106,0.9548869959538036,0.7789894420449872
512,166,67.5,771.0,42.561608300902385,0.21554781923297572,3.129424044253062,0.9872233705305891,0.7786125537731836
947,120,67.5,883.0,38.539071347674,0.2235286389912627,3.0622582776571807,0.9660349302472004,0.77857070465807
411,156,67.5,886.0,37.1783295711019,0.21636889122457234,3.1199291999933516,0.9842280806560998,0.7782005437152211
349,637,90.0,1326.0,28.173076923074795,0.24538557540747608,2.875943881337687,0.907259282168864,0.7780824811052773
400,168,45.0,768.0,42.62695312499445,0.21503875459818803,3.1298274738746175,0.9873506384064449,0.7780030940859595
570,324,45.0,954.0,34.41823899370708,0.21567919075163594,3.123283140611914,0.9852861311200813,0.7778176356486212
529,227,157.5,890.0,36.808988764040805,0.2151865475566786,3.12715452818741,0.986507417924575,0.7777768981232995
628,240,112.5,863.0,38.05040556198864,0.2156956121914655,3.122072384085073,0.984904179961524,0.777648372766925
927,147,112.5,1002.0,33.46307385229207,0.2202443510248939,3.0828768176011954,0.9725393554101406,0.7774803777224345
690,337,67.5,972.0,35.565843621395516,0.22707566999494655,3.023609704357506,0.9538426628332743,0.7771645136295882
431,309,157.5,913.0,36.3253012048153,0.21784682080944034,3.0970327175429424,0.9770050446410549,0.776543168490399
78,467,112.5,935.0,35.37967914438124,0.2172884918551577,3.0988955291389,0.9775926962716486,0.7760987625877879
557,391,90.0,1137.0,30.213280562882133,0.22564700472957824,3.0278790875604598,0.9551895032793452,0.7759489291626855
750,616,67.5,1164.0,30.128865979378855,0.2303599579613223,2.9883334366479497,0.9427142393868188,0.7759428414234751
694,344,67.5,826.0,40.09079903147214,0.21751839201280065,3.0948318459977386,0.9763107469702261,0.7757617657032703
324,328,90.0,937.0,35.888473852717624,0.22088478717833487,3.061186808164325,0.9656969192556569,0.774905954851027
559,157,67.5,1035.0,32.51690821255724,0.22106542301648754,3.0594507287602406,0.9651492471803573,0.7748709584868212
343,223,67.5,889.0,36.66760404948968,0.2141191539676077,3.1170907324068997,0.9833326438286798,0.7747781857322912
434,434,90.0,765.0,43.07843137254339,0.2164674198635596,3.097223157145549,0.9770651216468262,0.7747493403960926
627,313,90.0,925.0,36.16756756756365,0.21975170782993625,3.069470001615303,0.968309975857062,0.7747143070183263
619,66,67.5,919.0,39.47769314471823,0.23830793483993676,2.9135344824085925,0.9191177965039986,0.774653565613463
474,107,90.0,1000.0,33.42249999999665,0.2195382291121239,3.0703748618083364,0.9685954274663657,0.7745747677543684
159,441,112.5,1372.0,26.339285714283793,0.23737191276952932,2.916506322874323,0.920055307790347,0.7738846974942724
405,360,157.5,1079.0,30.79703429100734,0.21827377824507235,3.0753056034105977,0.9701509032583853,0.7736806279362931
704,305,90.0,822.0,39.35827250607794,0.21250985286408366,3.1217336756405762,0.9847973293438146,0.7733826841264725
580,383,90.0,1018.0,34.08153241649959,0.22789674198654053,2.9871881979835164,0.942352956812653,0.7725052954985563
814,614,67.5,1263.0,27.11005542359247,0.22490803993714653,3.0116406733557732,0.9500668539430681,0.7724105331031998
539,391,67.5,1109.0,30.412533814244327,0.22154164477161292,3.0380768356813492,0.9584065346337934,0.7721292704435221
546,649,112.5,1218.0,28.279967159275184,0.22625459800335834,2.9950932730544717,0.9448467303458937,0.7715809125066269
412,426,90.0,901.0,35.98501664816471,0.21296965317937797,3.1046766528507246,0.9794164377510826,0.7713001938625048
544,344,157.5,917.0,35.59432933478346,0.21439831844475002,3.0898177880181787,0.9747289877875078,0.7708454735706605
443,185,157.5,960.0,33.41406249999652,0.21070349448258283,3.119850800030016,0.984203348221326,0.7706972968308228
680,360,90.0,1147.0,29.566259808192715,0.22275683131917112,3.0138536989253293,0.9507649857816917,0.7699152356388025
683,429,90.0,1000.0,33.249999999996675,0.21840514976372566,3.050032442754915,0.9621781087461546,0.7698679322608601
488,273,67.5,950.0,33.968421052628,0.21196794534963576,3.103949083466803,0.9791869151650304,0.7698609580167619
527,273,90.0,896.0,36.92522321428159,0.2173213347348204,3.058534103659646,0.9648600841559395,0.769775881925103
556,175,157.5,790.0,41.03164556961505,0.21292038885987905,3.095077503656248,0.9763882433331992,0.769720958560802
292,617,67.5,1402.0,26.583452211125067,0.24481082501336207,2.8270225576281196,0.8918263228126305,0.7696060570116678
641,17,90.0,1134.0,30.315255731919724,0.22581121912789673,2.9862245673897587,0.9420489652061264,0.7695957871019314
771,640,67.5,1330.0,26.45112781954688,0.23108250131392652,2.9384421232486764,0.9269752823526388,0.7690287216001525
488,297,67.5,1000.0,32.61499999999674,0.21423410404643348,3.07810745412329,0.9710347887482367,0.7687812470751721
711,429,90.0,1052.0,31.860741444863883,0.22016224382573563,3.0247272607438456,0.954195212620992,0.7681997428399339
460,104,112.5,858.0,37.17948717948284,0.20953757225451825,3.1136478070944387,0.9822465218192016,0.7681772821011833
497,248,112.5,1028.0,32.05739299610583,0.21646741986356688,3.0555453836463227,0.9639172479651894,0.7681754035552837
512,107,90.0,984.0,33.19359756097223,0.21454611140323834,3.070754615163391,0.9687152263117268,0.768034007111042
514,185,157.5,920.0,35.44836956521354,0.21421768260659974,3.073148216581849,0.969470323488275,0.7679773017476033
601,223,112.5,801.0,39.99687890136829,0.21044075144526878,3.1036485863504253,0.9790921188792381,0.7677942789984045
753,623,90.0,1200.0,30.93541666666409,0.2438419600632794,2.8235473744195483,0.8907300245699307,0.7677768587327667
555,363,157.5,1008.0,31.860119047615886,0.21094981608006175,3.0983226841442137,0.9774119837959826,0.7676273050819357
136,442,112.5,1242.0,26.771336553943094,0.2184051497637299,3.035810486773692,0.957691581154886,0.7676246684652315
898,473,112.5,940.0,34.329787234038896,0.2119679453496355,3.0889871853497555,0.9744669618190557,0.7675009813437742
209,62,112.5,842.0,37.41686460807156,0.20694298476108414,3.1306742628577187,0.9876177705886624,0.7674323002673966
687,47,90.0,1165.0,28.43991416308769,0.21763334209163138,3.0390099385332086,0.9587008958099837,0.7671088290062581
596,265,112.5,922.0,35.363340563987485,0.21416841828710415,3.066280892041858,0.9673039237984191,0.7668289638099186
559,182,90.0,903.0,35.894241417493255,0.21290396742005058,3.0765273487535234,0.970536321002455,0.7667732846978489
488,281,112.5,968.0,33.39359504131887,0.2123292170259371,3.081290541507511,0.9720389410176983,0.7667646502899784
448,383,90.0,1052.0,31.428231939160508,0.21717354177633727,3.0406270893245297,0.959211050085112,0.7667559506114241
595,379,157.5,1006.0,32.405566600394394,0.2141355754074424,3.0656263789358373,0.9670974479020736,0.7666823004665775
447,431,90.0,790.0,41.0126582278429,0.21282186022088784,3.0765477866328275,0.9705427684355313,0.7666679449264547
556,354,157.5,964.0,32.86825726140738,0.20812532842898107,3.115066409261006,0.9826940409768857,0.7665337496876719
736,51,90.0,1000.0,33.122499999996684,0.21756765633230082,3.034053165013009,0.9571372078621793,0.7662401342420095
624,637,157.5,1213.0,27.77823577905789,0.22132816605380046,3.0008534483387916,0.946663863332226,0.7659756697241284
528,327,157.5,964.0,32.689315352693704,0.20699224908058278,3.118874615858511,0.9838953964019423,0.7656362512667974
434,352,90.0,1083.0,30.715604801474537,0.21850367840271845,3.0222257847114244,0.9534060847926419,0.7656121964696192
709,207,112.5,798.0,39.317042606511365,0.20608906988982612,3.125593188224845,0.9860148700056638,0.7655017897014471
457,368,90.0,1108.0,30.056407942235555,0.2187500000001968,3.015542579092464,0.951297768155523,0.7648837286148435
457,383,90.0,1050.0,30.82857142856849,0.21262480294291225,3.0659264294916984,0.9671921033137079,0.7647320599945253
486,322,157.5,1050.0,30.878571428568485,0.21296965317938127,3.062110487303507,0.9659883075814886,0.7645861287777121
320,224,112.5,848.0,37.83018867924082,0.2107199159224118,3.0805161381185684,0.9717946439480231,0.7645146573917531
497,368,67.5,961.0,33.17117585847729,0.20938977929603414,3.089845971947279,0.9747378788272285,0.7642275463269304
663,321,90.0,978.0,33.84713701431147,0.2174362848136455,3.022070696326421,0.9533571598543757,0.7641764086574228
500,212,157.5,931.0,33.549946294303595,0.20516946925924573,3.124263475504286,0.9855953923461122,0.7640761398068856
468,436,90.0,1127.0,29.008429458737446,0.21474316868122353,3.0433556488860614,0.9600718147909929,0.7639728537217054
366,427,90.0,756.0,41.335978835973364,0.20526799789823172,3.1222438633319136,0.9849582756409997,0.7638878576398358
400,105,112.5,881.0,36.322360953457846,0.21019442984779324,3.080759166921881,0.9718713109995154,0.763858184594763
445,156,112.5,909.0,34.411441144110626,0.2054650551762186,3.1203999245913954,0.9843765777334219,0.7638575610570795
526,321,67.5,971.0,32.99433573635088,0.21044075144527336,3.0776789263612,0.9708996032905698,0.7636980212040763
597,318,45.0,932.0,33.862660944202375,0.2073042564373874,3.1037464520820115,0.9791229920801945,0.7636625903600479
706,619,67.5,1367.0,26.70446232625993,0.23978586442481253,2.8300644050973385,0.8927859188497085,0.7634417695690284
486,223,157.5,1040.0,30.77163461538166,0.2102108512876288,3.077782869463826,0.9709323936886326,0.763410438636912
763,644,67.5,1181.0,27.42591024555229,0.21275617446156936,3.056197910093644,0.9641230971404932,0.7633712584886053
403,260,157.5,862.0,36.53422273781479,0.2068608775619254,3.1054253993301577,0.9796526409669607,0.7633411719686188
610,346,157.5,1138.0,28.086555360278727,0.20994810825032076,3.079220553612107,0.971385932541327,0.7632898049018927
487,310,157.5,953.0,33.75393494228396,0.21129466631652957,3.0678904333830834,0.9678116775593103,0.7632831186128944
414,175,157.5,843.0,36.992882562273195,0.20484104046260623,3.121348704809042,0.9846758845678782,0.7631821319660546
326,431,90.0,836.0,38.28349282296193,0.21022727272745573,3.075625419668309,0.9702517940547184,0.7630918515175339
560,103,112.5,770.0,40.185064935059714,0.20324816079891364,3.133525390056458,0.9885172010791129,0.7629966585558707
811,503,45.0,1193.0,26.661777032688462,0.20892997898074636,3.0857944426013417,0.9734597636213186,0.7629805331915857
387,429,90.0,954.0,33.51939203353946,0.21004663688930836,3.076157324519199,0.9704195913529661,0.7629369104932208
304,64,112.5,1148.0,28.107578397210094,0.21195152390980776,3.0591967680783485,0.9650691315051357,0.7627803534892341
611,207,67.5,827.0,37.40024183796404,0.20316605359975617,3.1307350877801565,0.9876369587153249,0.7624479738860515
608,429,90.0,1050.0,30.771428571425638,0.2122306883869476,3.053366733276573,0.963229960294737,0.7622298837429867
471,24,67.5,1302.0,27.672811059905708,0.2366657908567584,2.847540311609767,0.8982989535443707,0.7620728743751044
663,108,67.5,562.0,54.51957295372696,0.20126116657924908,3.1440390567975425,0.9918338936621554,0.762027768439528
430,300,157.5,882.0,35.73129251700275,0.20700867052041266,3.094610018436283,0.9762407681658838,0.761830649846351
715,383,90.0,1105.0,29.49999999999733,0.21411915396761244,3.0335298592063524,0.9569721232603611,0.7615979254481381
463,426,90.0,830.0,37.50301204818825,0.2044633473464731,3.112355265020499,0.9818387701931058,0.7612641827342003
512,521,90.0,1179.0,28.475402883797415,0.2205235155020388,2.976815484065633,0.9390807298946144,0.7611201808236301
512,289,90.0,1063.0,30.24223894637533,0.21116329479787704,3.0548253418881695,0.963690100080673,0.7610486282928945
419,360,157.5,990.0,31.2045454545423,0.20291973200228228,3.1232212792184852,0.9852666160232254,0.7609371120762238
414,240,90.0,979.0,32.280388151171366,0.20758342091453005,3.0839156049180723,0.9728670563230659,0.7609037383404393
528,202,45.0,869.0,35.58400460298785,0.20311678928026175,3.1179985524168137,0.9836190291562507,0.7603738710137593
437,429,90.0,990.0,31.85101010100688,0.20712362059923822,3.0841746968484562,0.9729487907269605,0.7603366500099915
715,640,90.0,1292.0,27.395510835911193,0.232494745139466,2.8705280918021163,0.9055507907903276,0.7601837678113534
976,141,90.0,1111.0,29.82223222321964,0.21763334209163043,2.9927056913593617,0.9440935321806302,0.7598051471915801
1020,122,67.5,1075.0,29.311627906974017,0.20697582764075317,3.0815503284039956,0.9721208946589884,0.7597272876977379
458,299,45.0,954.0,32.60220125785822,0.2042991329481577,3.1008373660384656,0.9782052776099082,0.7592303094667503
576,615,90.0,1268.0,29.51498422712701,0.24582895428293547,2.7526729759475437,0.8683716411886973,0.7592249034500027
488,232,90.0,996.0,31.541164658631374,0.20635181292714103,3.0835527355749432,0.9727525837904463,0.7592180497552139
558,321,67.5,993.0,32.39929506545494,0.21132750919619422,3.0416023365963802,0.9595187063455617,0.7591800584011925
716,375,90.0,984.0,31.984247967476424,0.2067295060432735,3.07900847345717,0.9713190287013809,0.7590006642551486
596,199,112.5,968.0,32.146177685947094,0.20439766158714917,3.0979369122579383,0.9772902863154115,0.7589030900050155
716,345,67.5,828.0,37.5724637681114,0.20434839726764997,3.097343767098031,0.9771031698506252,0.758744393679861
234,669,112.5,1193.0,28.038558256493875,0.2197188649502779,2.9672001545545883,0.9360474311551584,0.7585396092722105
942,114,67.5,1140.0,27.68421052631336,0.20730425643739145,3.070179220149197,0.9685337093944713,0.7583679490171916
719,436,112.5,922.0,33.56832971800069,0.20329742511841353,3.102404511508007,0.9786996569623623,0.7581530245902579
479,28,67.5,1143.0,29.34820647418816,0.22034287966388774,2.959468046078087,0.9336082225073251,0.7581450874565436
667,352,90.0,1088.0,29.531249999997286,0.21104834471905448,3.036849743480693,0.9580194301439088,0.7580613044414142
677,40,112.5,957.0,33.96551724137576,0.21351156069383065,3.016063275645083,0.9514620296293376,0.7580395088219571
694,352,90.0,1064.0,30.3148496240573,0.21186941671064696,3.0297570511438154,0.9557819348297765,0.7580281916636247
443,321,90.0,973.0,33.08067831448787,0.21142603783518496,3.0317526509613613,0.9564114764803324,0.7577567196540905
877,16,67.5,1146.0,27.831588132632824,0.20950472937486067,3.044882115134828,0.9605533612780778,0.7572872764354583
638,383,90.0,1021.0,31.476493633689376,0.21109760903854877,3.0269358530796038,0.9548919459300621,0.7565627004272457
744,512,157.5,1310.0,25.356870229005697,0.21819167104591664,2.967346574678861,0.9360936215616212,0.7565434235999882
114,68,90.0,983.0,31.49542217700595,0.20336311087774236,3.0897213509873143,0.9746985652914486,0.7562393295451451
460,115,112.5,978.0,31.462167689158335,0.20211508145052098,3.0997963949859706,0.9778768878050953,0.7561783257854666
583,165,90.0,1017.0,30.521140609633182,0.20388859695236256,3.0838351939826607,0.972841689497234,0.7560056979707762
670,104,67.5,835.0,36.40119760478606,0.19965186547573865,3.117771564200893,0.9835474223466835,0.755756688418424
353,375,90.0,1071.0,29.785247432303475,0.20953757225452313,3.0343612504449022,0.9572343979949909,0.7556712201890844
599,297,90.0,1006.0,31.58051689860521,0.2086836573832652,3.037315907536219,0.9581664885302472,0.7550082051822624
556,342,157.5,949.0,32.70284510010193,0.20385575407269743,3.0767850517740856,0.9706176172540839,0.7548502364540282
27,594,90.0,952.0,33.91281512604686,0.212066473988627,3.0059269178566552,0.9482643647685551,0.7545299590040376
471,277,157.5,889.0,34.73284589425931,0.20282120336328885,3.0830008105628273,0.972578470834504,0.7544627632963468
718,321,67.5,657.0,45.452815829521235,0.19615409879154636,3.138423970421596,0.9900625311304265,0.7543894382245655
430,284,157.5,939.0,32.20447284344706,0.19863373620616606,3.11677810299715,0.9832340202304533,0.7542538001100085
561,115,112.5,842.0,35.807600950114505,0.19804256437221662,3.121569433912175,0.9847455168472014,0.7542278913052995
456,265,90.0,932.0,33.1974248927003,0.20323173935908637,3.0777126625746827,0.9709102458809993,0.7541714682592345
887,13,67.5,1151.0,27.63249348392462,0.20891355754091384,3.029199950282395,0.9556061890751716,0.7540320332209257
458,317,157.5,892.0,33.447309417036614,0.19597346295340382,3.1366745630842017,0.9895106545602872,0.7538746602660653
539,432,45.0,842.0,36.068883610447024,0.19948765107742025,3.107141184726939,0.9801939109957469,0.7538628057671005
486,333,157.5,1101.0,27.792915531332625,0.20099842354195688,3.0931771280874085,0.9757887415885285,0.7536577892413691
529,162,157.5,984.0,30.830792682923693,0.19927417235960948,3.1070096892552748,0.9801524287929806,0.7535597995971097
623,435,112.5,822.0,38.7530413625257,0.20924198633754376,3.0228166615370355,0.9535924856776288,0.7534594354738557
963,14,90.0,1102.0,29.979582577129765,0.21700932737801962,2.9573759311638734,0.932948233733691,0.7534074154598593
324,385,157.5,1032.0,29.600290697671554,0.20065357330548664,3.094071885158369,0.9760710060176724,0.7533429548066429
408,32,45.0,984.0,31.537093495931757,0.20383933263286633,3.0672246370363356,0.967601642196819,0.7533205362278113
656,256,112.5,706.0,42.315864022656896,0.1962362059907077,3.1290145249094383,0.9870941815613113,0.7530138269279385
501,436,90.0,1051.0,29.281636536628994,0.2021479243301861,3.079252519571864,0.9713960166788829,0.7529813156175333
647,105,67.5,640.0,46.46093749999274,0.1953166053601208,3.1363501998826897,0.9894083293628886,0.7529549897639327
450,104,112.5,997.0,30.682046138412172,0.20093273778262755,3.089042952946749,0.9744845545371698,0.752918844925345
572,297,90.0,1025.0,30.817073170728705,0.20748489227553987,3.0330746266602087,0.9568285133812829,0.7527541906840358
531,264,157.5,824.0,36.237864077665506,0.19613767735172055,3.1281162917714496,0.986810820555111,0.7527418702393303
748,37,90.0,911.0,34.16300768386013,0.20443050446681152,3.056573904261243,0.9642417100942468,0.7524222272896025
626,344,90.0,1010.0,31.331683168313727,0.20786258539167232,3.0267516525601272,0.9548338371358815,0.7522562446058023
710,166,67.5,684.0,43.143274853794864,0.19383867577525554,3.1430777052504717,0.991530621014811,0.7520619928071974
1008,142,90.0,927.0,33.05016181229417,0.20124474513943136,3.0808267287816187,0.971892624393273,0.75203542110752
543,429,90.0,1075.0,29.011627906974045,0.20485746190244333,3.0481244148338025,0.961576192953117,0.7516539988562665
657,199,67.5,799.0,37.18085106382513,0.19513596952197643,3.125835856578797,0.9860914233480432,0.751057697083077
375,104,90.0,950.0,31.94210526315453,0.19932343667910435,3.090719839483546,0.9750135533418839,0.7510554999643171
3,64,67.5,915.0,32.497267759559286,0.19531660536012993,3.1241506029437636,0.9855597850177146,0.7510307175913578
412,656,157.5,1141.0,27.968886941277127,0.20961967945368362,3.004233095068932,0.9477300231715291,0.7510275962652828
513,207,67.5,911.0,34.121844127328856,0.20418418286933368,3.04854332771023,0.9617083452520632,0.7508298544047276
531,174,90.0,983.0,31.864191251268373,0.20574421965336193,3.0354382704334584,0.9575741599729767,0.7508254680358135
67,75,90.0,782.0,37.93797953963709,0.19487322648466615,3.1251009956066014,0.9858596005219948,0.7505943825086834
165,512,67.5,938.0,32.457356076755595,0.1999802942723784,3.0817318501456006,0.9721781583928377,0.7505063103932155
444,291,157.5,887.0,33.661217587369364,0.19612125591189034,3.1131153156374625,0.9820785394673371,0.75035401699786
414,183,157.5,808.0,36.77599009900535,0.19518523384147227,3.1205651064106634,0.9844286867956844,0.7502914668996545
355,597,90.0,1304.0,28.46625766870947,0.2438255386234491,2.7122084627934075,0.8556065085323331,0.7501933880163845
344,248,112.5,905.0,33.06353591159856,0.19654821334751915,3.1070206965057383,0.980155901193892,0.7499572279983622
585,107,67.5,856.0,34.7546728971922,0.19541513399911964,3.1156816705280828,0.9828881342966953,0.7498251684163595
542,358,45.0,1035.0,29.231884057968184,0.1987322648451591,3.0871161663896634,0.9738767210533462,0.7497054267069707
606,361,67.5,941.0,31.777364505841472,0.19641684182886512,3.1061785022515873,0.9798902184872764,0.7496506850643712
622,104,67.5,664.0,44.26204819276441,0.19305044666332544,3.133908877999248,0.9886381780557343,0.7495735618435515
485,184,157.5,935.0,31.75668449197521,0.1950374408829888,3.1149671684337683,0.982662733981549,0.7492130762143213
431,199,90.0,949.0,31.691253951524587,0.19754992117726358,3.09285878907977,0.9756883168127078,0.7490479103604899
315,178,157.5,876.0,33.57876712328383,0.19321466106165106,3.129127052498625,0.9871296800633694,0.7490364398232339
642,171,157.5,817.0,35.78947368420614,0.19206516027341936,3.138376602084997,0.9900475880839577,0.7489755050025375
974,73,90.0,989.0,31.07431749241344,0.2018687598530433,3.056026540216076,0.9640690359631813,0.7489487094007268
718,618,90.0,1257.0,28.3432776451847,0.2340219390438284,2.786306422958306,0.8789818124058264,0.7489185594945581
957,117,67.5,910.0,33.2582417582381,0.19879795060448394,3.0812747346499543,0.9720339545093268,0.7488708942252998
592,431,90.0,843.0,36.120996441276844,0.2000131371520397,3.069773838967536,0.9684058258699471,0.748663569526938
340,383,90.0,1061.0,29.015080113098115,0.20221361008951377,3.051288054435053,0.9625742101301199,0.7486572631334945
445,350,45.0,934.0,32.408993576013664,0.19883079348414823,3.0792727074142143,0.9714023852340825,0.7485985349828495
499,217,157.5,947.0,31.89545934529758,0.1984038360485202,3.082624615415691,0.9724597944787654,0.7485627094679671
641,432,45.0,1105.0,26.988687782802987,0.19589135575424874,3.102489537775403,0.97872647976333,0.7483740093796646
334,232,67.5,898.0,33.09020044543061,0.19518523384147465,3.107965933105447,0.9804540901413523,0.7483041685724917
458,327,157.5,872.0,33.46616972476681,0.19168746715728813,3.1369724448772556,0.9896046258034298,0.748254631817808
333,207,90.0,953.0,31.92025183630305,0.1998160798740602,3.067874245198635,0.9678065707556981,0.7481033895987907
447,305,112.5,1027.0,29.49123661148691,0.1989457435629732,3.074322803294436,0.9698408643408353,0.7479697634193273
528,300,157.5,999.0,29.879879879876892,0.19607199159239727,3.0969170671109816,0.9769685609917864,0.7477338896673313
659,434,90.0,755.0,39.67880794701461,0.19677811350516086,3.090660637510019,0.9749948771986002,0.7476806937669083
361,261,157.5,880.0,33.20738636363259,0.19195021019459804,3.1308955847047937,0.98768758985788,0.7476435170064022
1009,40,90.0,1013.0,30.380059230006868,0.2021479243301854,3.045350611269001,0.9607011553533191,0.7476338849547506
18,51,90.0,690.0,42.09782608695041,0.19080070940636196,3.139816669273206,0.9905018787020491,0.7475307725974905
628,429,90.0,1056.0,29.098011363633606,0.20183591697338088,3.0469125846567318,0.961193903095622,0.7474677175717777
555,165,112.5,910.0,33.010989010985384,0.19732002101961663,3.083931580304701,0.9728720959964402,0.7473358221861572
400,429,90.0,1042.0,29.333013435697758,0.20076852338430978,3.0544784510005916,0.9635806681895653,0.7472497747756884
897,16,67.5,1085.0,28.76036866359182,0.20497241198126653,3.0180926605696126,0.952102229294505,0.7470690059100595
569,224,90.0,936.0,31.95245726495385,0.19644968470852872,3.0894045150922707,0.9745986146948573,0.7470483085633326
648,548,67.5,1418.0,22.679830747530133,0.2112454019970413,2.965001684880282,0.9353538911902363,0.7469890873356104
434,391,90.0,1084.0,28.11346863468375,0.2001773515503636,3.0570713218047016,0.9643986278583051,0.7468770974969796
332,238,45.0,779.0,37.61553273426988,0.19247569626921468,3.1215826505673543,0.9847496862376991,0.7468693715190455
748,624,112.5,1003.0,30.301595214353913,0.1996354440359108,3.060903276426911,0.9656074749510487,0.7467650020230263
360,55,90.0,1235.0,25.558704453439223,0.20733709931705657,2.9949618944453,0.9448052850091393,0.7465471622196986
372,257,67.5,802.0,36.28428927680345,0.1911455596428348,3.130242588687799,0.9874815925498369,0.746476596170686
468,40,45.0,1053.0,29.176163342827238,0.20180307409371714,3.040713051330526,0.9592381680787416,0.7464464246681664
358,256,112.5,909.0,32.42299229922635,0.19359235417778461,3.1078787394951353,0.9804265836198188,0.7461842836459273
430,245,157.5,968.0,30.534607438013374,0.19415068313206912,3.102864969797521,0.9788449153799288,0.7461316812438925
544,115,90.0,1016.0,29.507874015745124,0.19692590646365424,3.079155684472166,0.9713654686060883,0.746061403748931
529,294,157.5,865.0,33.494219653175314,0.19030806621141177,3.134341052626807,0.988774513971367,0.7460157093045905
583,182,90.0,935.0,32.23262032085217,0.19796045717305974,3.0673275457735563,0.9676341062889267,0.7455636225382376
598,236,157.5,860.0,33.93313953487977,0.1916874671572878,3.117091755438033,0.98333296655907,0.7451188021956278
825,611,90.0,1242.0,25.84138486312191,0.21081844456141083,2.9558011051212083,0.9324514314301828,0.7449733273183566
486,218,157.5,1021.0,29.177277179233176,0.19567787703643302,3.081868511600612,0.9722212702819045,0.7448391395703376
414,297,90.0,979.0,30.53626149131455,0.19636757750937034,3.0730556812757746,0.9694411318493457,0.7443610036526502
583,291,157.5,1059.0,27.648725212461976,0.1923279033107345,3.106351773007144,0.9799448793248284,0.744271553784349
405,273,90.0,1016.0,29.89419291338288,0.19950407251725613,3.0458976985241546,0.9608737421668573,0.7442244340502466
392,115,112.5,856.0,33.91939252336052,0.19071860220720802,3.1182321572292517,0.9836927232696233,0.744017631393357
727,530,67.5,1355.0,23.1180811808101,0.20576064109319953,2.9910097035603322,0.9435585075985794,0.743839354546208
933,146,67.5,1071.0,27.950513538746222,0.1966303205466818,3.0669872288514632,0.9675267482530305,0.7437512150158637
883,20,67.5,1120.0,27.477678571426118,0.20214792433018733,3.0206794367444845,0.9529182663217833,0.7437424404389852
584,391,90.0,1109.0,27.33769161406426,0.19914280084095692,3.0443388787959256,0.9603819892933603,0.7435008782666183
968,20,45.0,987.0,29.485815602833895,0.1911619810826712,3.111222682734114,0.9814814802616815,0.7434982527241998
597,324,157.5,1058.0,27.986767485819662,0.19449553336853992,3.082897951251933,0.9725460223346667,0.7434382013705603
763,535,90.0,1448.0,24.255870165744184,0.23070480819779526,2.7784469581226707,0.8765024272998512,0.7432929020292931
456,281,90.0,939.0,32.01810436634376,0.1974842354179359,3.055924798561446,0.9640369400446395,0.7431353711861133
348,516,90.0,1282.0,24.746489859592447,0.20838807146629615,2.9638848057768867,0.9350015550614992,0.7430349098913545
445,360,157.5,1010.0,28.628712871284293,0.18993037309528218,3.1174949039444018,0.9834601457529579,0.7428591331509224
557,226,45.0,815.0,35.30981595091591,0.18902719390452546,3.1245079695913014,0.9856725216431473,0.7427711227288062
995,117,67.5,1020.0,28.735294117644244,0.19252496058871613,3.095145946227232,0.9764098345604214,0.7427645837731711
472,266,157.5,988.0,29.354757085017265,0.1905051234893968,3.1104502008221147,0.9812377893504937,0.7425078993651839
275,622,67.5,1464.0,22.575136612020312,0.21709143457718375,2.887487832260875,0.910900993224468,0.7424923586931821
833,524,90.0,1202.0,27.631031613974407,0.2181588281662514,2.8778366780604996,0.9078563930538065,0.7423813839509077
497,337,67.5,1003.0,29.43170488534103,0.19390436153459195,3.0806993937847427,0.971852454674173,0.7423097604272324
341,607,67.5,1436.0,22.193593314761685,0.2093405149765458,2.9505000582672194,0.9307791373375538,0.7421830374893459
587,240,90.0,886.0,32.892212189612536,0.1914247241199787,3.100303492736685,0.978036859334543,0.7421233454219964
680,308,157.5,1051.0,27.92816365366052,0.19280412506585826,3.0866051129712777,0.9737155016496845,0.7417865331767576
469,174,67.5,972.0,30.90020576131369,0.19728717813995425,3.0489452292286785,0.9618351310650604,0.7417739143252979
166,517,22.5,987.0,30.70415400202323,0.1990606936417954,3.032811346092031,0.9567454576092829,0.7415740489366489
613,329,112.5,1006.0,29.358846918486147,0.1940028901735832,3.074228550954073,0.9698111310378963,0.7414193747946074
414,264,67.5,889.0,33.228346456689174,0.1940357330532443,3.0728923873940652,0.9693896183650726,0.7412520438533633
739,429,90.0,962.0,31.211018711015463,0.19722149238062664,3.0447035780276943,0.9604970390915741,0.7410180175482124
431,318,45.0,844.0,34.345379146915356,0.19040659485040237,3.101654659297015,0.9784631049270144,0.7409902809679267
521,429,90.0,1125.0,26.975555555553157,0.19933985811893945,3.0246722079504598,0.9541778453983099,0.7406593586901199
600,507,67.5,1444.0,22.757963988918092,0.21585982658979416,2.884081765370877,0.9098264987526907,0.7403266591383771
395,436,112.5,1015.0,28.726600985218845,0.1915232527589726,3.0876913568370843,0.9740581734369704,0.740264278658727
444,219,157.5,962.0,30.23388773388459,0.19104703100384765,3.091670665127775,0.9753135054365855,0.7402622764285522
599,288,157.5,743.0,39.51884253027731,0.19286981082517807,3.075103150015954,0.970087036323189,0.7400591513038419
330,336,67.5,1080.0,27.155092592590076,0.1926399106675402,3.0767633677933404,0.97061077671977,0.7400170437359456
445,436,90.0,1137.0,26.079595426558832,0.19477469784568277,3.05827135344458,0.9647771956917183,0.739922903908042
614,107,90.0,888.0,32.55067567567201,0.1898646873359522,3.0988111618234746,0.9775660813468834,0.7398252501575396
575,337,112.5,1038.0,28.181599229284373,0.19214726747258365,3.079647273167017,0.9715205475731385,0.7398205482350624
148,516,67.5,1416.0,22.740112994348674,0.211508145034351,2.9170494079125033,0.9202266320450009,0.7397728609243615
595,257,67.5,875.0,32.637142857139125,0.18758210719932347,3.1155793207199594,0.9828558465270866,0.7394520677832497
417,391,67.5,1073.0,27.34622553587816,0.1927384393065312,3.071826897115094,0.9690534936055005,0.7393686783643239
611,275,157.5,1110.0,26.583333333330938,0.19382225433543454,3.0615577755964756,0.9658139464509318,0.7391819428276865
372,436,90.0,1015.0,28.692118226598154,0.19129335260132657,3.082396101937503,0.9723877065025249,0.7391250674253066
389,293,157.5,1031.0,27.885548011636484,0.1888465580663799,3.102801026672105,0.978824743569748,0.739108394018672
322,289,112.5,823.0,34.471445929521934,0.18635049921193272,3.1225809533138817,0.9850646156906271,0.7389280000461022
401,195,157.5,860.0,33.22965116278684,0.187713478717978,3.110997940858045,0.9814105820934389,0.7389031371471098
345,304,112.5,870.0,32.52873563218017,0.18589069889664192,3.1243312264644674,0.985616765394418,0.738596119365604
260,632,67.5,1357.0,23.62196020633577,0.21055570152410258,2.917529230360778,0.9203779991745249,0.738589208029161
377,317,157.5,963.0,30.038940809965727,0.19001248029444057,3.089435656411849,0.9746084386874009,0.7385418431060705
448,368,90.0,1193.0,25.364626990777424,0.19876510772482545,3.0151238769450757,0.9511656823341871,0.7383933327425658
458,294,157.5,1073.0,26.891891891889387,0.18953625853931869,3.0917973636315716,0.9753534743644747,0.7382846927146293
623,428,112.5,752.0,37.30053191488865,0.18424855491345266,3.135587776551746,0.9891678115807339,0.7382003727002027
566,391,67.5,1172.0,25.53754266211386,0.19659747766701965,3.031470319567384,0.9563224108419186,0.7381056209151386
703,352,90.0,933.0,32.15702036441242,0.19707369942213931,3.027454741660041,0.9550556370521551,0.7381019022502322
701,431,90.0,670.0,42.86194029850107,0.1886330793485559,3.0975954808395336,0.9771825766950737,0.7380050455127096
444,211,157.5,909.0,31.006600660062595,0.1851353126643773,3.1254354334010754,0.985965103899621,0.7377715045292714
431,182,112.5,1008.0,28.94345238094951,0.19163820283779548,3.0708610776270766,0.9687488114797158,0.7377615865631983
679,248,90.0,796.0,35.3046482412016,0.18459340514992312,3.1289658384621974,0.9870788226972316,0.7376118449077499
418,352,157.5,1000.0,29.0024999999971,0.19050512348939708,3.0786753544335363,0.9712139413496351,0.737495975364755
558,289,67.5,1059.0,28.005193578845326,0.19480754072534526,3.0425009975757558,0.9598022023206925,0.7374788326176986
316,200,157.5,934.0,30.136509635971077,0.18488899106689996,3.1203908509045166,0.9843737153039086,0.7366501197676327
645,21,45.0,941.0,29.949521785331562,0.1851188912245461,3.1157210191297056,0.9829005473984578,0.7362175135811052
358,240,67.5,878.0,32.454441913435936,0.18717157120352707,3.0974763347448,0.9771449902869792,0.7360538222235574
628,182,157.5,846.0,33.085106382974814,0.18385444035749082,3.125181162994955,0.9858848905172839,0.7360378074264282
294,429,90.0,1059.0,27.764400377712203,0.1931325538624956,3.0463784001832117,0.9610253866565025,0.7358757296318778
582,273,112.5,933.0,31.034297963555087,0.1901931161325904,3.0703592780392257,0.9685905113345635,0.7357717191030921
460,528,67.5,1425.0,22.74385964912121,0.21288754598022733,2.879403025603751,0.9083505206885418,0.7356586718433181
447,231,67.5,879.0,33.34186575653773,0.19250853914888122,3.0490885488233777,0.9618803433633433,0.7354781254770424
405,306,22.5,742.0,37.8133423180542,0.1842978192329479,3.1178949096320925,0.9835863334979389,0.7354747717515614
596,435,67.5,1111.0,26.19711971196884,0.1911784025225052,3.0599429360769896,0.9653045213008886,0.7354314859413917
686,491,157.5,1290.0,22.72868217054087,0.19259064634804748,3.0476880963616675,0.9614385498000656,0.7353657921833405
609,384,157.5,1106.0,26.421790235078987,0.19195021019460254,3.0527928499548014,0.963048920263345,0.7353241822091406
331,281,90.0,915.0,31.062841530051248,0.18669534944840402,3.0966710696323894,0.9768909574275125,0.7352971375638444
445,329,157.5,1054.0,27.25569259961791,0.18869876510789357,3.0795500364887136,0.9714898728163983,0.7352455443637277
475,391,90.0,1135.0,25.881057268720188,0.1929519180243464,3.043025893652408,0.9599677885968392,0.7351080909286067
328,518,67.5,1260.0,26.107142857140786,0.2160733053076061,2.848706194533724,0.8986667486573235,0.7350290491593028
715,257,157.5,746.0,37.369302949056646,0.18311547556505425,3.1245502051714507,0.9856858454852351,0.7349612135190504
732,35,90.0,935.0,30.7433155080181,0.18881371518671425,3.0762437324862346,0.9704468500316404,0.7348760218544446
704,371,157.5,1028.0,28.076361867701547,0.18958552285881347,3.0681484578204534,0.967893075206653,0.7346196312284741
323,372,157.5,995.0,28.118090452258482,0.18377233315833474,3.1161695516008696,0.9830420436392078,0.7345078204994667
688,391,67.5,1076.0,26.765799256503087,0.1891749868630178,3.0706797728034876,0.9686916161758817,0.7344760842734508
636,436,90.0,907.0,31.187982359423245,0.1858085916974835,3.0974669346520796,0.9771420248878873,0.734250185624412
662,360,90.0,952.0,31.410189075626956,0.19641684182886537,3.0079819942492705,0.9489126691895368,0.7341619104155017
661,368,112.5,966.0,30.01552795030745,0.19045585916990082,3.0567697865091605,0.9643035040634506,0.7339756186289053
851,522,67.5,1396.0,22.926217765041336,0.21022727272746577,2.890551135124435,0.9118673576848783,0.7338996333326271
443,201,45.0,842.0,33.295724465554244,0.18415002627446417,3.1040078501407917,0.9792054539865997,0.7330889177176259
544,104,112.5,895.0,31.346368715080295,0.1842813977931203,3.102842992913049,0.9788379824447768,0.7330788835274005
474,191,112.5,974.0,28.927104722789636,0.18506962690505122,3.095241459058757,0.97643996550405,0.7329220845411455
623,257,67.5,723.0,37.94605809128106,0.18020888071481456,3.1359305271176074,0.9892759373457614,0.7329131119766708
405,289,90.0,952.0,30.551470588232082,0.19104703100384746,3.0434938463881114,0.9601154112489492,0.7326632293347338
266,625,67.5,1359.0,23.381162619571498,0.20871650026293434,2.8952737642177757,0.9133571812899136,0.7326469769572739
487,429,90.0,800.0,34.874999999995644,0.18326326852354266,3.107505801735141,0.9803089348553137,0.7324681724823618
444,270,157.5,994.0,28.13380281689858,0.18369022595917545,3.1026872175511775,0.9787888407894377,0.7322726555866539
587,174,90.0,859.0,33.07625145517659,0.18662966368907527,3.0778649539517478,0.9709582884615007,0.7322439522904945
281,553,67.5,1207.0,24.099005799500905,0.19106345244368358,3.0403153020926146,0.9591126921644123,0.7321835824900567
386,181,157.5,865.0,31.82947976878245,0.1808493168682611,3.125025469286177,0.9858357746206278,0.7320398258199456
401,180,157.5,849.0,32.659010600702864,0.1821301891751457,3.112771716425563,0.9819701459842916,0.7318006019134498
733,534,67.5,1442.0,22.115117891815387,0.2094718864952007,2.882617471625117,0.9093645655066064,0.7316494531545565
556,382,157.5,600.0,44.66249999999255,0.1760214135576856,3.15690738479034,0.9958933991668417,0.7306851050028897
528,115,112.5,861.0,31.98606271776632,0.1808985811877566,3.115789151466236,0.9829220407576064,0.7306480969811915
418,248,112.5,885.0,31.550847457623554,0.18341106148203157,3.0937174138848667,0.9759591827810529,0.7304887107235042
612,243,45.0,783.0,34.65517241378868,0.1782383079349934,3.135252858406078,0.9890621566691773,0.7302006979281155
679,331,22.5,1100.0,25.729545454543114,0.18590712033647824,3.0709121080110893,0.9687649097735206,0.7301919042527467
445,531,67.5,1315.0,22.190114068439375,0.19167104571746363,3.022373098059746,0.953452556979919,0.730156884708477
346,228,45.0,858.0,31.73076923076553,0.1788294797689423,3.129694141157099,0.9873085766171414,0.73010556501518
431,325,157.5,934.0,29.26124197001828,0.1795191802418821,3.1229676582648938,0.9851866075203507,0.7299565137653798
307,428,67.5,705.0,38.34751773049101,0.17758145034171655,3.1391087612224657,0.9902785585760469,0.7299403909781251
472,209,157.5,913.0,29.942497261771084,0.17956844456137716,3.1223468013925593,0.9849907489836179,0.7299237225897695
456,289,112.5,897.0,31.800445930877167,0.18736862848150984,3.056852957685575,0.9643297416483704,0.7299067502752803
35,13,112.5,510.0,52.23529411763681,0.17498686284827342,3.160346073779563,0.9969781847651314,0.7298595978541385
752,610,157.5,1180.0,26.006355932201185,0.20157317393607319,2.9372169423014842,0.9265887807960925,0.7298177532606469
583,207,67.5,859.0,31.77823050057837,0.17930570152406625,3.122250858864956,0.984960482485969,0.7295611861795747
593,391,67.5,1127.0,25.35270629990902,0.18768063583831945,3.051942786870155,0.9627807552170871,0.7295447983137696
666,295,157.5,792.0,34.526515151510786,0.17961770888086978,3.1179228457246273,0.9835951463539283,0.7292910593676774
486,386,157.5,1116.0,25.331541218635724,0.18569364161866428,3.0652725115702304,0.9669858151771842,0.7290200918859666
557,220,157.5,863.0,31.36442641946334,0.1777949290595353,3.1313046809399987,0.9878166453513123,0.728991699434376
387,55,67.5,1255.0,23.278884462149538,0.19190094587510897,3.010096001362919,0.949579564183168,0.7285243660762981
1004,125,157.5,922.0,29.492950108456668,0.1786160010511296,3.1201201169925374,0.9842883082637244,0.7283131657698612
571,168,45.0,857.0,31.53150525087146,0.17749934314256172,3.1273964856101,0.9865837469931112,0.7279844216987355
119,39,67.5,980.0,27.683673469384928,0.17820546505533427,3.1208627701719625,0.9845225892574662,0.727887488827095
723,500,67.5,1494.0,22.091700133867327,0.21679584866021057,2.7968094829659917,0.8822951589370241,0.7277986129929206
611,190,67.5,818.0,33.380195599017924,0.17935496584356078,3.1089990512933245,0.980780002643196,0.7275360843509434
13,454,112.5,1019.0,27.3748773307137,0.18323042564388387,3.07631077879228,0.9704680007863157,0.7275042800526982
421,320,67.5,974.0,29.609856262830633,0.18943772990032573,3.023528612295724,0.9538170811359961,0.7273862199148742
420,434,90.0,779.0,35.471758664950514,0.18150617446153314,3.0893509561764723,0.974581718738084,0.7272813057820926
583,283,157.5,1028.0,27.251945525289177,0.18401865475581325,3.0672465331381416,0.9676085496478775,0.7271167639675855
552,369,112.5,789.0,35.34854245880413,0.18319758276421486,3.073861322605251,0.9696952833920828,0.7270744959604036
446,265,67.5,976.0,28.64754098360362,0.18365738307951138,3.068251064200283,0.9679254439156233,0.7267975317545752
487,191,67.5,877.0,32.20638540478538,0.18552942722034116,3.052551262292002,0.9629727078410671,0.7267964112420466
337,363,157.5,1052.0,26.03849809885684,0.17992971623768075,3.09716651815613,0.977047254035008,0.7264296544623501
327,391,90.0,1133.0,24.834510150041936,0.18482330530757599,3.0561301785844335,0.9641017302282856,0.7264272764394837
481,429,67.5,1137.0,24.648197009672415,0.18408434051514241,3.0611894481168913,0.9656977520679683,0.7262482159679755
727,505,67.5,1411.0,22.42381289865185,0.20782974251201444,2.8621057663331535,0.902893842924012,0.7262428221047041
458,238,157.5,922.0,29.614967462035832,0.17935496584356325,3.1004454046946903,0.9780816275728895,0.7261868968157934
456,187,157.5,850.0,31.341176470584553,0.17498686284828718,3.135662540132782,0.9891913968646134,0.7259662039038977
80,51,90.0,779.0,34.602053915271554,0.1770559642670995,3.1178581658629003,0.983574742129318,0.7258936764320264
454,15,67.5,1343.0,23.02308265078012,0.20310036784043817,2.8994907897288367,0.9146875047231627,0.7258863960996407
401,189,157.5,858.0,31.34615384615019,0.17666184971113696,3.1207532786900796,0.9844880485406249,0.7258292248956295
555,347,157.5,887.0,31.338782412623296,0.18258998949043864,3.0707491977923533,0.9687135173214403,0.7257802431144206
84,58,112.5,708.0,37.740112994344955,0.17551234892290252,3.129650600740982,0.9872948411451359,0.7257127323668909
611,174,90.0,873.0,31.039518900340088,0.1779919863375179,3.1086130858146426,0.9806582440910203,0.7256730511752569
444,277,157.5,976.0,27.79713114753814,0.17820546505533422,3.1067078467502642,0.9800572080843286,0.7256547982405261
484,328,67.5,949.0,30.350368809269714,0.18919140830284728,3.0142816232440643,0.950899980874175,0.7256019793201798
496,54,67.5,1266.0,23.341232227486305,0.19410141881257828,2.9728637585174242,0.9378340992814577,0.7255611351019067
476,22,67.5,1317.0,23.629460895973907,0.2044140830269866,2.8856991425076006,0.9103367244318433,0.7254480217608243
544,619,45.0,1454.0,20.01719394772902,0.19117840252250923,2.995635333048499,0.9450177312351202,0.7252880909085129
349,429,90.0,930.0,29.588709677416166,0.1807507882292714,3.082951648829419,0.9725629620343321,0.7252731433412865
638,240,112.5,832.0,32.481971153842245,0.17751576458239296,3.1093553053484246,0.9808923882847927,0.725160455042161
82,472,45.0,1110.0,24.614864864862643,0.17946991592238953,3.091842754505521,0.9753677935909323,0.724981968707918
669,272,67.5,646.0,40.72755417956026,0.1728192327904754,3.1453415912506686,0.9922447975329202,0.7246268281567503
489,329,112.5,998.0,28.446893787572296,0.18648187073059153,3.0301587686254283,0.9559086625856162,0.7245237250742863
368,114,90.0,842.0,32.30403800474676,0.17866526537062333,3.095149448229858,0.9764109393192483,0.7244396193903774
574,429,67.5,986.0,28.05273833671115,0.1816868102996885,3.0691826210245607,0.9682193173744129,0.7243389447737045
415,198,157.5,888.0,29.864864864861502,0.17419863373635883,3.1308259637348925,0.9876656268871884,0.72416110943108
543,202,157.5,941.0,28.6716259298588,0.17722017866542195,3.1050074341775633,0.9795207876415968,0.7240838261640263
542,381,157.5,917.0,30.272628135220252,0.18234366789296144,3.0619502483833374,0.965937757830281,0.7240666729050587
429,55,90.0,1165.0,26.572961373388278,0.20334668943791376,2.8846097092368113,0.9099930464993076,0.7238648574514932
325,513,67.5,1352.0,22.337278106507224,0.19837099316886272,2.9247574428982035,0.922658246352025,0.7236185100094341
472,385,157.5,1078.0,24.88636363636133,0.17621847083568098,3.1092992678880687,0.9808747104342661,0.7234363130076459
418,325,157.5,1050.0,25.95952380952134,0.1790429584867603,3.085098894774897,0.9732403427119508,0.7233537131312018
474,368,157.5,922.0,29.46854663774084,0.17846820809264288,3.0893875701475184,0.9745932691599487,0.7232702319397035
295,538,157.5,1342.0,21.430700447092292,0.18891224382571156,3.000766461681097,0.9466364220969744,0.723101084072633
497,174,67.5,1041.0,26.342459173868747,0.18012677351566286,3.073345126997396,0.9695324418082534,0.7229328007199991
582,553,67.5,1282.0,22.29719188767377,0.18776274303748075,3.00777274170757,0.9488466573622522,0.7226863128742826
448,313,90.0,1032.0,26.93313953488111,0.1825735680506097,3.0510625787150536,0.9625030804598922,0.7226533119860649
347,521,67.5,1261.0,22.33941316415366,0.18503678402539186,3.0300011416978645,0.9558589368263343,0.7225881448071223
570,383,67.5,832.0,33.08894230768833,0.18083289542842843,3.0651482851637275,0.966946626109163,0.7225735388666267
137,563,67.5,1345.0,22.10037174721025,0.19525091960080934,2.943237917780145,0.9284881870835983,0.7224080678339664
374,243,157.5,882.0,30.153061224486375,0.17469127693131445,3.1149073658618627,0.9826438683705713,0.7223016111003377
680,223,67.5,726.0,35.90909090908596,0.1712427745666199,3.1435091477644668,0.9916667259743287,0.722253373409246
713,35,157.5,756.0,36.779100529095665,0.18263925380993068,3.047788930990772,0.9614703595839119,0.7222238023384083
643,248,90.0,839.0,31.516686531581463,0.17368956910157005,3.122246925294707,0.9849592415827153,0.7221348231536899
668,305,90.0,990.0,27.984848484845656,0.181982396216662,3.052080777515464,0.9628242864190071,0.7220322578525415
348,240,67.5,819.0,32.37484737484343,0.17416579085669348,3.117133369934445,0.983346094471053,0.7219579178278391
525,336,112.5,952.0,28.18802521008107,0.17626773515517435,3.0978095696659547,0.9772501142003217,0.7216891529834274
526,305,67.5,1036.0,26.935328185325584,0.18329611140321156,3.037808015915057,0.9583217314393425,0.7215179961695541
324,379,157.5,1038.0,25.98988439306108,0.17720375722559187,3.0877037888675023,0.9740620953059146,0.7213327672986021
471,230,157.5,860.0,31.22383720929869,0.1763826852339954,3.094546945480836,0.9762208708637652,0.7213265201982453
769,634,67.5,1193.0,24.090528080467386,0.18878087230705495,2.990236714942881,0.9433146568396181,0.7212664998632681
346,199,90.0,818.0,32.20048899755107,0.1730162900684633,3.1217197454676544,0.9847929348635299,0.7211614491930891
335,24,67.5,1214.0,23.739703459635606,0.18930635838167473,2.9842521933468102,0.9414267504716921,0.721017353002043
677,107,90.0,858.0,30.961538461534854,0.1744942196533316,3.108261245237186,0.9805472507466046,0.7209927499173271
596,372,157.5,952.0,27.69170168066936,0.17316408302695305,3.1186636987756953,0.9838288594703998,0.720874825774798
364,305,22.5,902.0,29.86696230598338,0.1769574356281114,3.086688114285664,0.9737416856491005,0.7208468720064084
515,429,67.5,1095.0,25.189497716892678,0.1811777456649027,3.0509975714326107,0.9624825729455462,0.7207974789341216
637,281,67.5,816.0,32.696078431368534,0.17524960588559602,3.10003337227066,0.9779516458150107,0.7206937315404639
402,313,112.5,810.0,32.87037037036632,0.174888334209295,3.1028473158361787,0.9788393461751893,0.720659902373671
540,289,67.5,1033.0,26.173765730878397,0.17759787178155642,3.0797945584219018,0.9715670108979231,0.7206063298366594
513,313,157.5,912.0,29.81907894736515,0.17863242249096126,3.070934047787986,0.9687718310025363,0.7205766398368525
569,615,112.5,1051.0,30.744529019978042,0.21224710982677947,2.78568251443479,0.87878499118033,0.7200291118833688
468,649,67.5,1388.0,22.604466858787994,0.20608906988983708,2.837253601890872,0.895053857930369,0.7200212836638142
394,36,67.5,1152.0,23.715277777775718,0.1794534944825583,3.0603506272020935,0.9654331335314361,0.7199929259805852
598,107,90.0,924.0,28.904220779217653,0.17543024172374902,3.09237782739128,0.9755365902929096,0.7197250434528577
484,630,157.5,1343.0,21.91548771407134,0.19332961114048178,2.941548849096953,0.9279553452395722,0.7196012612944442
384,174,157.5,826.0,31.979418886194676,0.17350893326341926,3.107616473156454,0.9803438478016019,0.7195882865896919
578,436,90.0,900.0,29.780555555552244,0.1760542564373591,3.086165759202765,0.9735769009672354,0.7195702812982707
430,614,45.0,1341.0,20.003728560774046,0.17620204939585227,3.0832727269030094,0.9726642508892557,0.7193093705375593
557,203,157.5,812.0,31.65332512314881,0.1688288229113392,3.1431089364469402,0.991540473360357,0.718998480557188
719,430,67.5,709.0,37.53526093088328,0.17480622701013265,3.0927840115178724,0.9756647271183576,0.7189640293573234
463,216,112.5,887.0,29.396843291992177,0.17127561744628791,3.122275908144046,0.9849683846537107,0.7189476281441137
718,329,112.5,739.0,34.871447902566324,0.16927220178679733,3.1380734743261502,0.9899519619228625,0.7187904676732478
501,256,67.5,943.0,27.916224814419095,0.17291776142947496,3.1056904867522412,0.9797362667379056,0.7185028389447674
402,436,90.0,859.0,30.442374854478413,0.17176826064124306,3.112031353449587,0.9817365874692986,0.7179831104794733
154,514,67.5,1321.0,21.737320211958988,0.18861665790873783,2.969090053809514,0.9366436279907511,0.7177138584629811
110,20,90.0,766.0,33.501958224538704,0.1685660798740282,3.136808379192274,0.989552868842332,0.7176572751368051
673,431,90.0,653.0,40.19908116385295,0.1724251182345111,3.103844912881294,0.9791540530041084,0.7175603511502917
335,316,157.5,1052.0,25.209125475282775,0.1741986337363619,3.0881893737305575,0.9742152802749071,0.7174359361249435
352,352,67.5,1020.0,26.08823529411509,0.1747898055703083,3.081301501726248,0.9720423985817518,0.7171311523914448
132,559,67.5,1329.0,22.276147479306072,0.1944626904888799,2.915926416131935,0.9198723675813126,0.7170579485987171
431,337,157.5,926.0,27.748380129586636,0.16877955859184618,3.1297534417116344,0.9873272838592712,0.7168267477138919
436,642,157.5,1135.0,23.07268722466757,0.17201458223872582,3.101711748590229,0.9784811145938638,0.7166810645055455
443,47,45.0,1104.0,24.26630434782389,0.17597214923820348,3.067280686570757,0.9676193238562892,0.7164829292548747
912,86,67.5,1103.0,24.03898458748649,0.17416579085669892,3.0811852734927427,0.97200573265639,0.7162877369205147
642,107,67.5,551.0,45.63520871142547,0.16516684182882507,3.1565326714568482,0.9957751902712618,0.7162739074510507
610,391,157.5,1048.0,25.67748091602808,0.17676037835013184,3.0586503413422816,0.9648967530621699,0.7161638533419201
655,107,112.5,709.0,35.959097320164176,0.16746584340529191,3.13592999938866,0.9892757708658139,0.7160639754103121
414,163,157.5,813.0,31.40221402213636,0.16769574356294098,3.1336141745689083,0.9885452094743937,0.7160026724808036
389,352,90.0,997.0,26.614844533598127,0.1742971623753521,3.0779286156924104,0.9709783715046747,0.7159477579253393
678,491,157.5,1132.0,26.99204946996228,0.2007028376249839,2.8534036419355058,0.9001486283231338,0.7154469040521325
26,745,157.5,707.0,35.90523338047582,0.16674330005269009,3.138042695482835,0.9899422522788486,0.7154418574230652
625,368,157.5,852.0,30.97417840375223,0.1733447188651013,3.0825742087075962,0.9724438929328071,0.7154211821794398
445,165,112.5,962.0,27.37525987525703,0.17298344718880276,3.0831160576975005,0.9726148272576439,0.7150289699949792
484,314,157.5,718.0,36.55988857938209,0.17242511823451345,3.086802726084881,0.9737778416462185,0.7148722454713499
322,281,67.5,965.0,27.126943005178532,0.17194889647939568,3.0905795502879285,0.9749692970280743,0.714838304932305
430,430,67.5,976.0,27.00819672130871,0.17314766158712164,3.0795702354864094,0.9714962448907175,0.7146868057873719
315,432,45.0,918.0,27.720588235291093,0.16715383604849196,3.1292781644358305,0.9871773505720207,0.7146022240092972
386,289,90.0,973.0,26.91932168550597,0.172047425118387,3.087247164876472,0.9739180464748468,0.7144429558412048
691,41,157.5,883.0,30.087768969419017,0.17451064109316405,3.066527387727094,0.9673816845293902,0.7144316795063061
613,217,157.5,810.0,31.185185185181336,0.16592222806110016,3.136563612753453,0.9894756536278684,0.7141229232183017
430,267,157.5,959.0,26.69447340979909,0.16815554387823614,3.116926837500674,0.9832809407422811,0.7139784936471468
256,636,157.5,987.0,28.237082066866442,0.18306621124556471,2.9915858672772044,0.9437402670145308,0.7139232861909496
304,436,90.0,1033.0,25.28073572119794,0.17153836048360038,3.087552144538864,0.9740142568464655,0.7138179674018634
390,240,67.5,884.0,29.496606334838287,0.1712756174462878,3.0895945516211727,0.9746585645450321,0.7137927180897743
568,289,112.5,910.0,29.35989010988688,0.17549592748307613,3.0512912960861076,0.9625752327571704,0.7133312154753298
400,174,157.5,851.0,29.682726204461844,0.16592222806110113,3.1303921280739733,0.9875287669738712,0.7131494798913045
315,163,157.5,867.0,29.351211072660973,0.1671538360484909,3.1196086932475198,0.984126972035017,0.7130770347407939
800,502,157.5,1029.0,24.7740524781317,0.1674494219654674,3.1170669338732875,0.9833251362272059,0.7130669453934322
454,182,90.0,1068.0,25.187265917600637,0.17669469259080473,3.0392135927048116,0.9587651415481354,0.7130111967945612
122,62,67.5,1084.0,24.229704797045734,0.17252364687351274,3.0711461948141716,0.9688387559380122,0.7125329788027708
331,289,67.5,866.0,29.4053117782876,0.16726878612731394,3.1118444088374977,0.9816776130102802,0.7120043441115244
666,240,112.5,874.0,29.170480549195744,0.16746584340529636,3.1099217617498596,0.9810710853836757,0.7119616326692488
625,303,157.5,870.0,30.13793103447929,0.17222806095653534,3.069744574872508,0.9683965940758149,0.711921069315127
1017,63,112.5,924.0,29.123376623373467,0.17676037835012953,3.0315077976443066,0.9563342338588371,0.7118825937402506
347,295,45.0,748.0,33.81350267379227,0.16613570677891262,3.1179853930665447,0.9836148778434395,0.7114748003946972
377,37,67.5,1062.0,25.654425612050314,0.1789608512876012,3.009401309496229,0.9493604132990386,0.7113051849368183
713,43,67.5,1194.0,23.362646566162194,0.18323042564388647,2.9695802299697895,0.9367982613527557,0.7106694103359217
696,297,67.5,705.0,35.23404255318649,0.1631634261693449,3.137590409972708,0.9897995720861245,0.710637149253054
661,429,90.0,1098.0,24.567395264114335,0.17718733578576093,3.0194448704786594,0.9525288040268508,0.7105444089614859
692,525,157.5,1340.0,20.800373134326808,0.18308263268540145,2.9695472105835155,0.936787844896133,0.7104687878293426
705,366,157.5,800.0,32.20312499999597,0.16922293746730346,3.085262480538506,0.9732919482747117,0.710395322756418
117,63,90.0,988.0,26.65991902833738,0.17301629006846694,3.052500730088326,0.9629567667056607,0.7102433651141593
235,439,67.5,1135.0,23.185022026429674,0.17285207567015065,3.0533104670728157,0.963212210283702,0.7101539599273275
22,47,90.0,713.0,34.78611500700774,0.16291710457186726,3.1358284949742865,0.9892437497882405,0.7100335476403291
1003,38,112.5,1017.0,25.530973451324925,0.1705530740936886,3.071569425680404,0.9689722704110801,0.7099942123290377
754,30,45.0,991.0,25.290110998988368,0.16462493431438704,3.120666704664255,0.9844607374762353,0.7099001620332319
528,373,157.5,968.0,26.265495867765882,0.1670060430900062,3.100024798613421,0.9779489411272865,0.7097926050086614
107,552,157.5,1115.0,22.993273542598832,0.16840186547571648,3.0873155733624733,0.9739396269494542,0.7096335272145198
415,313,90.0,1035.0,25.586956521736656,0.1739523121388837,3.0395095967809307,0.9588585204375365,0.7094318657424745
350,436,22.5,898.0,28.012249443204002,0.16523252758816406,3.1105802599323042,0.9812788184316644,0.7091125723216094
541,215,67.5,964.0,26.317427385889385,0.1666447714137052,3.097375174638054,0.9771130778263687,0.7088969940113203
726,34,22.5,911.0,28.67727771679158,0.17160404624292558,3.0538627371670897,0.9633864321009442,0.7085909058194421
531,352,90.0,912.0,28.196271929821464,0.16891093011050076,3.075747195386808,0.9702902100167501,0.7084819123733153
684,240,90.0,677.0,36.19645494829598,0.16096295323187493,3.1420618146323,0.9912101432061219,0.7084329333365882
569,232,67.5,921.0,27.103691639519315,0.1639680767211114,3.115300763546427,0.9827679715226603,0.7081852711530209
582,305,157.5,1014.0,25.91715976331106,0.1726221755125028,3.0426744940312322,0.959856934358642,0.7081723441985975
391,264,112.5,848.0,29.380896226411625,0.16365606936430452,3.117630461743951,0.9835029094774902,0.7081401988763083
556,234,157.5,736.0,33.56657608695196,0.1622766684184255,3.12707480880924,0.9864822692607631,0.707806012170755
391,657,90.0,1106.0,26.292947558767967,0.19101418812418655,2.8852313849443365,0.9101891633497827,0.7076566799899833
402,110,45.0,760.0,32.197368421048395,0.16073305307423152,3.1388451800309345,0.9901954079679373,0.7076215879513017
480,511,45.0,1619.0,16.383570105002075,0.1742314766160314,3.0251409301978573,0.9543257108043319,0.7075345767848346
126,67,67.5,1093.0,23.412625800546802,0.16808985811891086,3.076599717737263,0.9705591508749934,0.7075307479231636
419,377,157.5,1034.0,24.11750483558761,0.16380386232279476,3.1084851205822215,0.9806178755547418,0.7068930961932087
934,152,67.5,1098.0,23.169398907101716,0.1671045717289994,3.079986749597839,0.9716276404635594,0.7067622308623138
667,256,67.5,853.0,29.372801875729262,0.16457566999488876,3.0991727806184466,0.9776801593754826,0.7064447348900954
517,199,90.0,963.0,26.604361370713747,0.16828691539689108,3.067699485293128,0.9677514401436401,0.7063874449285108
716,629,112.5,1001.0,28.871128871125986,0.18983184445629087,2.885880354419898,0.9103938904254283,0.7061957293016442
98,551,22.5,1200.0,22.243749999998144,0.1753317130847622,3.0067460872894616,0.948522783952742,0.7060878640972663
568,191,67.5,873.0,28.32474226803799,0.1624244613769157,3.114627754045456,0.9825556606633606,0.7060381221503284
709,39,67.5,1042.0,27.154510556619275,0.1858578560169817,2.91685088873616,0.920164006217496,0.7058263143819765
429,211,157.5,884.0,27.488687782802323,0.15961639516566808,3.134799680269423,0.9889191948841354,0.7055070179735874
624,109,45.0,714.0,33.7710084033566,0.15838478717827434,3.1446709711823413,0.9920332404556952,0.7054355884404455
552,296,112.5,815.0,29.81595092024174,0.15961639516566653,3.134122960986088,0.9887057137187996,0.7054002773909175
468,114,112.5,711.0,35.45358649788531,0.1655773778246283,3.083715690697417,0.9728039904080791,0.705331124959107
646,432,22.5,789.0,30.769961977182408,0.15946860220717912,3.134796528570135,0.9889182006337078,0.7053111065701008
417,302,45.0,1051.0,23.72502378686739,0.16378744088296313,3.095993134893817,0.97667709282874,0.7049009921326226
458,322,157.5,918.0,26.413398692807576,0.15927154492919968,3.1332264989604983,0.9884229114363539,0.7048029096004009
373,281,67.5,964.0,26.322614107881087,0.16667761429336894,3.0710909015933816,0.9688213128689288,0.7047945369277715
542,333,157.5,1060.0,23.860849056601523,0.16613570677891917,3.0749312278357186,0.9700328009137845,0.7046837619298784
235,533,67.5,1093.0,23.06953339432543,0.16562664214413197,3.0789566569032876,0.9713026823985949,0.7046456090471321
647,375,90.0,1051.0,25.673168411034663,0.1772366001052558,2.981632504846943,0.9406003307618646,0.7046453104217485
443,630,45.0,1679.0,16.225431804644657,0.17894442984777556,2.9670809394795885,0.9360098229862127,0.704608177082828
668,345,112.5,976.0,25.5122950819646,0.16355754072531592,3.0957428022632683,0.9765981216762886,0.7045575287901976
626,611,90.0,1230.0,25.34349593495729,0.20475893326345457,2.7500518509544305,0.8675447683157047,0.7045080103520502
702,376,157.5,763.0,31.815203145474204,0.1594521807673466,3.1283834198345226,0.9868950900766145,0.7042778385939676
459,156,112.5,980.0,25.234693877548448,0.16244088281674962,3.102908072789454,0.9788585128599682,0.7042112609462203
514,245,157.5,752.0,31.80518617020854,0.15710391487139055,3.147486545201264,0.9929214551666558,0.7041861053842547
737,503,90.0,1228.0,22.011400651464005,0.17754860746206355,2.9751460498809172,0.9385540820452312,0.7040347273175603
457,391,67.5,1129.0,22.88529672276148,0.16971558066226544,3.038374718819475,0.9585005063012589,0.7036509826972663
691,633,157.5,1448.0,18.484116022098174,0.17580793483988869,2.985626241017886,0.9418602142509457,0.7033862474763525
994,40,67.5,1156.0,23.205017301036055,0.17620204939585019,2.982193202053473,0.9407772110370367,0.7033658506114471
424,50,45.0,1204.0,20.95099667773912,0.16569232790346078,3.0695877117844788,0.9683471092810777,0.7032546732787176
591,216,112.5,921.0,27.5298588490741,0.16654624277471325,3.062074130135457,0.9659768381719495,0.7031985979985964
320,215,90.0,932.0,26.620171673816884,0.16296636889136823,3.0917516672344583,0.9753390587561898,0.7031463402170675
336,288,112.5,773.0,31.18046571797785,0.15831910141894862,3.1305068188055594,0.9875649478713794,0.7031145913579477
485,228,157.5,888.0,27.035472972969924,0.15769508670534063,3.1355358557145627,0.9891514323802291,0.7030827511041253
317,157,67.5,833.0,29.558823529408212,0.16173476090397673,3.1016316033257922,0.9784558315778933,0.7030762743090004
423,107,90.0,804.0,30.51927860696138,0.16117643194969283,3.1058537049665356,0.9797877563517674,0.703004004978028
667,514,45.0,1814.0,15.107497243659585,0.1800118234368472,2.947433949723966,0.9298118877837446,0.7029205348246556
563,320,67.5,1009.0,24.506937561940088,0.16242446137691824,3.0947241000808448,0.9762767569178289,0.7028986702775658
649,428,67.5,737.0,32.5373134328314,0.15751445086718655,3.135444590809392,0.9891226415081648,0.7028295159946473
603,436,112.5,1009.0,24.645688800790417,0.1633440620075023,3.0859062988172234,0.9734950503286794,0.7027237280477816
748,50,67.5,1073.0,23.4389561975747,0.16519968470850335,3.0701178891442016,0.9685143616165371,0.7026869185188787
387,643,45.0,1712.0,15.743282710279452,0.17703954282727996,2.97044778487986,0.937071944455566,0.7026205648975812
329,257,67.5,810.0,29.70370370370004,0.158039936941808,3.129102902261125,0.987122061511672,0.7025240323191411
656,115,90.0,845.0,28.674556213014355,0.15915659485037517,3.119736517113057,0.984167295975009,0.7025231129866277
498,166,157.5,780.0,31.46153846153443,0.1611928533895241,3.097191407839724,0.9770551058559762,0.7016593924277171
374,237,45.0,864.0,27.66493055555235,0.15700538623240207,3.132199068138986,0.9880987930988394,0.7016444981648369
402,254,45.0,832.0,29.053485576919584,0.15877890173424214,3.116646627897619,0.9831925444543795,0.701536345181845
592,114,112.5,638.0,37.923197492157065,0.15892669469272305,3.113533792274848,0.9822105541481875,0.7012407643070113
644,207,90.0,789.0,30.354879594419472,0.15731739358920568,3.126699230799834,0.9863637875903024,0.7011895366646914
531,232,67.5,852.0,28.65903755868208,0.16038820283776473,3.0999762379024483,0.9779336219285828,0.7010347282823309
725,157,90.0,801.0,29.98439450686267,0.15776077246466616,3.1219216946277144,0.9848566427304255,0.7010222070695632
441,552,45.0,1653.0,15.860556563822392,0.1722116395167129,2.999645064172425,0.9462826605700734,0.7008423898646832
641,288,67.5,603.0,39.49419568821899,0.1564306358382792,3.131860094342671,0.9879918587719516,0.7008310865858884
395,156,112.5,950.0,25.499999999997314,0.15912375197071355,3.108948298267156,0.9807639918460495,0.7007780355269797
409,256,112.5,985.0,24.84010152284012,0.16071663163440447,3.095509268859872,0.976524450089961,0.7007643963147343
286,660,90.0,1333.0,20.693923480868666,0.1811941671047375,2.923844182731491,0.9223701448460596,0.7007629775819678
484,391,67.5,1128.0,22.593085106380972,0.16740015764597324,3.0381886249000387,0.9584418002058933,0.7005601392900211
700,633,45.0,1414.0,20.065417256009894,0.18636692065177404,2.8788258998693075,0.9081684577898358,0.7005016337933045
499,522,67.5,1207.0,21.51408450704047,0.17056949553352307,3.0101079859336117,0.9495833448942851,0.7003214622682291
335,436,90.0,843.0,28.588374851716658,0.1583026799791185,3.112623643249285,0.9819234340979821,0.7002721217736658
12,45,90.0,737.0,31.964043419262957,0.15473922753560246,3.140151954878442,0.9906076495341929,0.6999025741157039
430,277,157.5,924.0,26.339285714282862,0.15986271676314673,3.097153010715307,0.9770429929118533,0.6998946074512306
599,115,90.0,924.0,26.212121212118372,0.15909090909104934,3.102289381562851,0.9786633375083994,0.6996842829629829
541,248,90.0,848.0,29.189268867921086,0.16258867577523373,3.072548238978201,0.9692810516274659,0.6996179446082357
577,107,90.0,830.0,29.030120481924214,0.15826983709945447,3.10854217058415,0.9806358728265707,0.6995849157427887
321,240,90.0,939.0,25.82800851969906,0.1593043878088638,3.0991155119295866,0.9776620931156077,0.6994659258351995
579,431,90.0,762.0,32.37860892388026,0.16206318970061206,3.0759115844566467,0.9703420689944117,0.6994536469689682
640,203,157.5,837.0,28.584229390677585,0.15715317919088823,3.116650001825805,0.983193608810219,0.6993873202987958
534,614,67.5,1241.0,20.76148267526021,0.16923935890714287,3.0151286228066514,0.9511671794868242,0.6993546510600698
265,630,67.5,1420.0,20.704225352111216,0.19311613242266837,2.8143786146180627,0.8878376028888771,0.6992601250504856
114,58,45.0,830.0,28.43975903614115,0.15505123489241016,3.1333666428729536,0.9884671219184288,0.6992448515619505
709,345,67.5,857.0,28.929404900813424,0.16285141881254367,3.067956413918459,0.9678324921007729,0.6992410680062582
563,375,90.0,891.0,27.8647586980889,0.1630813189701904,3.0647087689113124,0.9668079741687495,0.6990327868064451
649,352,67.5,1053.0,23.995726495724213,0.16597149238060044,3.0388022834362287,0.958635387920401,0.6987679284573309
403,29,45.0,935.0,26.45187165775118,0.16245730425658064,3.066648466393721,0.9674198805960391,0.6985136575118402
499,276,157.5,999.0,23.828828828826442,0.15636495007896203,3.1153531633380718,0.982784501816475,0.6981405573178215
882,15,67.5,1096.0,23.822992700727756,0.17150551760393767,2.9883550858866927,0.9427210689612513,0.6981279480640866
17,65,67.5,863.0,27.27114716106289,0.15459143457711882,3.129836706147448,0.9873535508642558,0.6980801105024695
299,528,45.0,1577.0,16.154090044387054,0.16733447188665004,3.0214471260924056,0.9531604453473348,0.6978326110704053
416,320,67.5,855.0,27.81871345028914,0.15623357856030456,3.1144154007469598,0.9824886706562157,0.6978189401570041
676,208,112.5,879.0,27.67918088736886,0.15981345244365025,3.0842230477215766,0.972964043729192,0.6977899947671421
391,629,45.0,1558.0,16.521181001282635,0.16907514450882702,3.005757217877468,0.9482108303855304,0.6976593495335711
592,106,112.5,668.0,34.74550898203072,0.152456647398972,3.1439538946912413,0.9918070280087843,0.6974841983886058
515,180,157.5,882.0,27.0918367346908,0.15695612191290687,3.1054987010864408,0.9796757650964748,0.6973678460708983
568,378,157.5,847.0,27.626918536006183,0.15370467682619812,3.1267023741663476,0.9863647792120325,0.6964132390067379
573,191,67.5,786.0,30.181297709919825,0.15582304256450646,3.1089227131238957,0.9807559206319831,0.6964097477052469
683,229,157.5,674.0,34.02818991097418,0.15065028901746783,3.151915235426882,0.9943185513830024,0.6963515633413051
430,228,157.5,940.0,24.965425531912235,0.1541480557016601,3.1215182843749174,0.9847293809647327,0.6961817827179002
133,43,90.0,856.0,27.739485981305172,0.15597083552299482,3.104730279930342,0.9794333552111466,0.6959438792731008
259,627,67.5,1338.0,19.241405082210818,0.16910798738848895,2.9936332115394535,0.9443861322199592,0.6957904258459542
482,190,112.5,985.0,25.30964467004819,0.16375459800329836,3.0362629961691217,0.9578343319755597,0.6954361863108599
461,543,45.0,1748.0,15.559210526314896,0.1786488439308024,2.9110229112130055,0.9183254840062441,0.6953751790363042
388,234,45.0,902.0,26.00055432372217,0.15404952706266825,3.1168267067435615,0.9832493530053262,0.6953114925526828
656,530,45.0,1810.0,15.051104972374857,0.17894442984777628,2.9070297291994938,0.9170657753343687,0.6951361532569069
387,248,22.5,956.0,25.15167364016473,0.1579414083028198,3.0829830325210423,0.9725728624867429,0.6951191566211671
61,504,45.0,1567.0,15.660497766431673,0.16119285338953446,3.0540720825473526,0.9634524732155346,0.69485807610751
720,273,112.5,640.0,35.546874999994444,0.14943510246990913,3.1510076104927327,0.9940322275949834,0.6946016618259636
334,601,67.5,1495.0,18.274247491637574,0.17945349448256184,2.89872630504346,0.9144463366560859,0.6944995275429147
399,631,45.0,1539.0,16.53996101364415,0.1672031003679949,3.0007685357952663,0.9466370764071453,0.6943972250196259
500,372,157.5,1004.0,23.229581673304455,0.15319561219141334,3.116969419846797,0.9832943739768542,0.6942049427640006
148,548,45.0,1536.0,16.176757812498945,0.16321269048885298,3.0318545483616637,0.9564436215311635,0.6940243120683467
91,22,67.5,833.0,27.53901560623919,0.1506831318971358,3.1362817846112194,0.9893867467477039,0.6939290864188326
666,435,90.0,387.0,58.0813953488222,0.14764516552822152,3.1607420530114014,0.9971031023047132,0.693770415143984
329,181,157.5,768.0,29.921874999996096,0.15094587493444397,3.132650606149673,0.9882412374817451,0.6937037349472198
472,272,157.5,957.0,24.24764890281878,0.1524238045193152,3.119860781637027,0.984206497067752,0.6936405075229277
392,372,157.5,926.0,24.811015118787818,0.15091303205478365,3.131503800411484,0.9878794605508501,0.6934794210866058
233,512,22.5,1325.0,19.239622641507978,0.16744942196547102,2.9918546111931894,0.943825046280874,0.693316900420271
173,523,22.5,1252.0,19.51477635782592,0.16048673147676196,3.0486910811999404,0.9617549562884893,0.6930756716478055
678,256,67.5,780.0,29.65384615384235,0.1519311613243558,3.1200346659905525,0.9842613514739119,0.6930165537984365
710,289,90.0,829.0,27.789505428223425,0.1513235680505782,3.125029250440314,0.9858369674419517,0.6930009919717927
982,139,45.0,1201.0,19.56494587843301,0.154345112979646,3.0996583895212857,0.9778333519281829,0.6929943205706566
306,533,45.0,1630.0,15.780674846624796,0.16896019443000448,2.976352750203981,0.9389347536139637,0.6928693222646896
484,504,45.0,1507.0,15.895819508957139,0.15735023646887888,3.0701432884281696,0.9685223741985246,0.6923122553639862
397,624,45.0,1708.0,15.540105386415952,0.17434642669485498,2.9261417926142275,0.9230949600646186,0.6920711902980775
149,61,90.0,876.0,26.743721461184162,0.15388531266434916,3.0973205403655606,0.9770958426323283,0.6920176103903276
528,110,90.0,527.0,42.7941176470507,0.14813780872318735,3.1454870331345477,0.9922906793388976,0.6920155845886559
434,256,67.5,932.0,25.118025751070263,0.15377036258552718,3.0980355143160367,0.9773213918015201,0.6919783960918261
469,215,67.5,1040.0,23.28365384615161,0.15905806621138757,3.0535685411076523,0.963293623577303,0.6919560006022661
543,196,157.5,968.0,23.91012396693968,0.15202968996335076,3.1117546551721977,0.981649298881315,0.6918408036876563
414,168,157.5,853.0,26.85228604923483,0.1504532317394902,3.1236655565587816,0.9854067699196408,0.691635120238604
627,203,157.5,817.0,27.821297429617157,0.14930373095125932,3.1330167163776443,0.9883567323997021,0.6915902126476452
375,110,45.0,904.0,25.204646017696327,0.14966500262756197,3.1296834087473253,0.9873051909188143,0.6915421212540857
405,223,112.5,904.0,25.436946902652053,0.15104440357343812,3.117084770316599,0.9833307629985973,0.6913787738911632
155,538,45.0,1615.0,15.43808049535508,0.16377101944313674,3.010054236989466,0.9495663889902425,0.6913239275157955
513,527,22.5,1148.0,20.666376306618407,0.1558394640043446,3.075905994979072,0.9703403057105572,0.6912236529421278
603,519,45.0,1620.0,15.822530864196555,0.16836902259605752,2.9707382786690837,0.9371635850429904,0.691202080866123
344,178,157.5,893.0,25.697088465842583,0.1507323962166326,3.118260469757989,0.9837016548780125,0.6911516785767451
538,353,67.5,935.0,24.75668449197596,0.15204611140318205,3.1060834133800306,0.9798602212881271,0.6909679775886471
838,532,45.0,1515.0,16.235973597358665,0.1615705465056669,3.025681255611897,0.9544961644944961,0.690879313791458
548,110,90.0,614.0,37.573289902274006,0.15153704676838595,3.1094517336525067,0.9809228080278588,0.6908261773333498
161,523,22.5,1099.0,21.501364877159098,0.1552154492907333,3.0767806410741825,0.9706162258331823,0.6905365304951887
591,264,67.5,865.0,26.14739884392761,0.14856476615882666,3.132167438268358,0.9880888149855992,0.6904791825492455
304,539,157.5,1280.0,19.273437499998494,0.16204676826078884,3.017571253614091,0.9519377437135261,0.6902297716309512
528,367,157.5,1067.0,21.92596063729879,0.15367183394653813,3.084142428409417,0.972938611167815,0.689656729589463
300,59,45.0,1178.0,20.18463497453139,0.15618431424081397,3.061480607116001,0.9657896025057471,0.6894042679890197
340,232,112.5,931.0,24.664339419975864,0.15083092485562444,3.10520709579046,0.9795837738677082,0.6892230142571072
709,626,112.5,1161.0,25.99698535744823,0.1982560430900373,2.7075891509287233,0.8541492778841058,0.6892120368923724
459,311,157.5,947.0,24.334741288276202,0.15137283237007604,3.1002559736487645,0.9780218687313268,0.6891585807092399
558,436,90.0,902.0,25.454545454542632,0.15081450341579206,3.10401324818212,0.9792071568790421,0.6890129930651878
472,284,157.5,926.0,24.346652267815948,0.14808854440370395,3.1259171484230954,0.9861170680696885,0.6888636408613108
318,252,157.5,909.0,24.65346534653194,0.14720178665278322,3.1329516237619845,0.9883361979657233,0.6888007201397082
556,275,157.5,1003.0,23.03589232302861,0.15176694692604156,3.0932066460485563,0.9757980534685051,0.6885677778198833
753,435,67.5,948.0,25.213607594934047,0.1570053862324037,3.048815825740303,0.9617943088095445,0.6884922560201916
744,527,45.0,1624.0,15.668103448274898,0.16713741460866804,2.963726624217488,0.9349516543353537,0.6884676631933886
381,345,112.5,945.0,24.10317460317205,0.1496157383080671,3.1103888997919262,0.9812184510285584,0.688433613216202
700,512,45.0,1628.0,15.829238329237358,0.16927220178680985,2.9455851476721904,0.9292286556722801,0.6884288145479731
831,538,45.0,1530.0,15.689542483659105,0.15767866526551624,3.042616204080794,0.9598385459266093,0.6884045951797397
659,608,67.5,1235.0,19.8906882591077,0.1613570677878503,3.0110560057405955,0.9498824118458855,0.6882901723985373
793,570,45.0,1577.0,15.756182625236793,0.16321269048885326,2.9952654178270306,0.9449010359753586,0.6882530192904446
652,331,157.5,1057.0,22.649006622514413,0.15725170782988332,3.0451988179942777,0.9606532699066117,0.6882474270325106
515,113,157.5,582.0,37.9209621993062,0.14496847083564146,3.14781419244636,0.9930248163644594,0.68819210246743
12,61,67.5,793.0,28.24085750314902,0.14710325801378968,3.129760008422093,0.9873293554257767,0.6881670226842185
378,156,112.5,921.0,24.63083604777148,0.14900814503428791,3.1137065563478608,0.9822650551451937,0.6881535454638539
556,260,157.5,884.0,25.46945701357178,0.14789148712572084,3.1225172370769587,0.9850445154557967,0.6880668121833373
541,174,67.5,972.0,24.52160493826908,0.1565620073569439,3.048315729928085,0.9616365461457621,0.687827131853491
913,145,157.5,911.0,24.442919868273933,0.14626576458236729,3.1327608071216155,0.9882760020177804,0.6875329984033606
781,572,45.0,1592.0,15.460113065325661,0.16166907514465856,3.003634844444917,0.9475412961121374,0.6875321557857926
552,630,45.0,1646.0,15.726002430132702,0.17002758801907547,2.931700632348296,0.9248485787563983,0.6872375601789675
527,215,67.5,714.0,31.30952380951942,0.1468405149764779,3.1237983643677825,0.9854486661187435,0.6868792748693304
646,541,45.0,1608.0,15.525497512436845,0.16398449816095084,2.979258946391714,0.9398515564362423,0.6867487763074074
375,345,112.5,931.0,24.197099892586014,0.147973594324881,3.1132807885761755,0.9821307403675597,0.6867184881271476
614,256,112.5,783.0,28.8888888888852,0.14858118759865677,3.1074000072240913,0.9802755604029205,0.6865942679554893
154,553,45.0,1458.0,16.17283950617173,0.1548870204940996,3.0533984959918703,0.9632399803158048,0.6864141537847936
732,498,22.5,1145.0,24.37117903929918,0.18329611140321325,2.8123664685855427,0.8872028414886535,0.6859585511942119
485,289,157.5,1068.0,21.067415730335103,0.14779295848673255,3.1097073587059945,0.9810034487538604,0.6859160026468596
845,526,45.0,1653.0,15.527828191166634,0.16859892275370375,2.935094579146419,0.9259192497648856,0.6858838909932686
869,496,45.0,1552.0,15.958440721648454,0.16268720441423357,2.9837236971806367,0.9412600284937486,0.6857377092269018
410,329,67.5,1035.0,22.140096618355347,0.15051891749882074,3.0843279882928027,0.9729971487935636,0.6855171604659116
726,436,90.0,797.0,27.920326223334012,0.14616723594337386,3.1205096692451644,0.9844111983171009,0.6854703203675045
338,344,67.5,931.0,25.389366272822187,0.15526471361022634,3.043793138317914,0.9602098273407074,0.6853984693417046
625,270,45.0,793.0,27.64817150062703,0.14401602732540028,3.1368188700500776,0.9895561783394966,0.6851984469949957
334,248,67.5,684.0,32.467105263153144,0.14587165002639738,3.1209005472166798,0.9845345065882233,0.6851411459465219
361,345,112.5,932.0,23.932403433473823,0.1465120861798455,3.114462310290828,0.9825034689696922,0.6849724223431002
697,174,157.5,717.0,30.54393305438904,0.14385181292707974,3.136742455969311,0.9895320723809229,0.6849692670398507
455,199,67.5,1022.0,23.09197651663179,0.15501839201274994,3.0400974015488513,0.9590439521962225,0.6844898413056808
514,156,112.5,1004.0,22.390438247009723,0.14766158696807685,3.100645300088079,0.9781446875485346,0.6843129204635112
375,271,157.5,830.0,26.55722891565945,0.14478783499749845,3.124677831998261,0.9857261072664294,0.6843039082449838
563,190,112.5,935.0,24.71122994652142,0.15176694692604045,3.065523570562166,0.967065015471141,0.6842012588211999
405,366,45.0,1037.0,21.91176470588024,0.14925446663176764,3.0862240036656905,0.9735952750495555,0.6841443458798204
650,379,157.5,957.0,24.79101358411444,0.1558394640043419,3.0296656303702494,0.9557530947867078,0.6839300474801995
648,320,112.5,1024.0,22.158203124997833,0.14904098791395326,3.0861362538824926,0.973567593075011,0.6838482398239357
862,502,45.0,1510.0,15.864238410594977,0.15735023646887894,3.0159904022735633,0.9514390406401703,0.6837705885848091
992,121,157.5,1089.0,20.709366391182673,0.14813780872320192,3.093057819169935,0.9757511038155783,0.6837457968270155
606,320,112.5,1019.0,22.181059862608222,0.1484662375198381,3.0902061356470254,0.9748514978243918,0.683730247783132
742,30,67.5,1011.0,23.768545994062933,0.15784287966382954,3.009637484493293,0.9494349182153872,0.6834199082999771
872,509,45.0,1577.0,15.824350031704768,0.16391881240162323,2.9585180238010524,0.9333085238467567,0.6833904092223222
112,530,45.0,1430.0,16.90559440559322,0.15879532317408196,3.0011343777346036,0.9467524866894615,0.6833380289969821
321,248,67.5,1023.0,22.216520039098512,0.14928730951143113,3.0796807258479695,0.9715311007190134,0.6831556841097202
573,182,67.5,788.0,28.147208121823837,0.14569101418824973,3.1096714671776966,0.9809921262373084,0.6831311160976271
451,156,112.5,971.0,22.927394438720608,0.14623292170270463,3.1051273651952513,0.9795586216653144,0.6831308828319579
448,208,112.5,889.0,24.76096737907483,0.14459077771951734,3.1187638411780414,0.9838604508810169,0.6831105276812526
620,112,45.0,732.0,29.65846994535114,0.14260378349985894,3.1350011667891846,0.9889827568042661,0.6830444442350213
660,537,45.0,1713.0,15.548744892001427,0.1749540199686338,2.862944907116385,0.9031585623677999,0.6829063612603334
784,578,45.0,1506.0,15.796812749002937,0.15626642143997618,3.0195875844099547,0.9525738252596028,0.6829049428538791
801,555,45.0,1500.0,15.809999999998944,0.1557737782450203,3.023573269787561,0.9538311690061559,0.6828822337995891
213,559,157.5,1106.0,20.289330922240477,0.1473988439307684,3.0933353524674674,0.9758386558230885,0.6828125014394212
640,361,67.5,951.0,23.304416403783037,0.14557606410942991,3.10682299177234,0.9800935322945303,0.6825298302431435
684,328,112.5,945.0,25.211640211637544,0.15649632159761603,3.014579182673909,0.9509938504230475,0.682418933201791
801,563,45.0,1560.0,16.030448717947692,0.1642636626380922,2.9494293864109427,0.9304413779723355,0.682412802934408
485,646,45.0,1579.0,16.051298290055982,0.16648055701539338,2.9303209491060294,0.9244133371523733,0.6823299966984762
472,335,157.5,1013.0,22.51727541954368,0.14982921702588237,3.069676113937698,0.9683749970554505,0.6822941512982617
562,618,45.0,1506.0,15.926294820716075,0.15754729374686122,3.0041094821469176,0.9476910276363167,0.6821571344539088
643,232,67.5,887.0,24.73788049605132,0.1441309774042252,3.1142279770905152,0.9824295450755287,0.681787119246113
471,532,67.5,1264.0,18.481012658226387,0.15344193378889437,3.0359540595502175,0.9577368733231423,0.6817518829009319
678,281,67.5,695.0,31.05755395683006,0.14178271150826496,3.1336513520444114,0.9885569376621226,0.6817458997846708
674,328,112.5,1025.0,21.978048780485658,0.1479735943248824,3.0816134501411256,0.9721408073500147,0.681723521618377
197,31,90.0,500.0,42.16499999999157,0.13848200210205372,3.1610872245799033,0.9972119918110403,0.6817091746444246
643,632,45.0,1660.0,15.463855421685814,0.16861534419353563,2.9079397232951805,0.9173528465096402,0.6816224020632315
252,522,45.0,1478.0,15.896481732069288,0.15432869153981651,3.025702982885139,0.9545030186860722,0.6813074412520188
405,156,112.5,951.0,23.149316508935524,0.14460719915935022,3.1061946184162146,0.979895302571165,0.6811496662239135
370,107,22.5,730.0,29.208904109585035,0.1400584603259208,3.1440074267569877,0.9918239154953092,0.6810995554547831
997,46,22.5,926.0,24.34125269978139,0.14805570152404018,3.0766842857071914,0.970585829099207,0.6810545959808989
459,655,112.5,1176.0,19.502551020406504,0.15065028901747737,3.0547171478683888,0.963655968667554,0.6810202719835935
673,223,67.5,795.0,27.10377358490225,0.14153638991078968,3.1305627720113587,0.9875825991425525,0.680933040061106
349,325,22.5,1102.0,20.14292196007077,0.14580596426707804,3.0941806910128116,0.9761053304431376,0.6808397070836476
504,361,67.5,1008.0,22.00396825396607,0.14569101418825378,3.09432241054043,0.9761500379764559,0.6807100719672062
682,235,157.5,617.0,34.12074554294423,0.13828494482407663,3.1558263415057075,0.9955523679802551,0.6806188103580124
384,156,112.5,992.0,22.20766129032034,0.144705727798342,3.1009662411023546,0.9782459331660587,0.6804552577068744
637,314,112.5,891.0,24.306958473622412,0.14225893326339337,3.1201453817961022,0.984296278421868,0.6802452383945303
953,129,45.0,1020.0,21.294117647056733,0.14266946925919186,3.1150859700467066,0.9827002117177367,0.679990022482106
11,67,67.5,954.0,22.86163522012339,0.14326064109313785,3.1098096362341776,0.9810357137216867,0.6799394305971596
610,300,22.5,1076.0,21.254646840146723,0.15022333158184784,3.051365161832473,0.9625985348057463,0.6799270249154639
104,538,45.0,1617.0,15.513296227580984,0.1647727272728802,2.9291942602203673,0.924057906381882,0.6798941607643337
788,566,45.0,1460.0,15.99828767123178,0.15342551234906412,3.0242777504213985,0.9540534079025074,0.6798884374930311
451,553,45.0,1740.0,15.350574712642794,0.17544666316358978,2.8389336820272524,0.8955838642035824,0.6797703931057915
450,216,112.5,946.0,24.704016913316625,0.15350761954821768,3.022187403799672,0.953393976963045,0.67966728551122
825,534,45.0,1441.0,15.647120055515915,0.1481049658435415,3.0674285726207864,0.9676659767108402,0.6796598078794798
341,428,67.5,747.0,28.53413654618092,0.1400091960064257,3.134584747983906,0.9888513912971676,0.6795481552629562
351,370,45.0,954.0,22.86687631027014,0.14329348397280156,3.106964465744589,0.9801381623637544,0.6795340803133645
710,910,67.5,477.0,43.7421383647707,0.13705333683668078,3.1591774598852385,0.9966095281269484,0.6795189381124345
704,519,45.0,1595.0,15.504702194356392,0.16244088281675598,2.945393140388461,0.9291680841181765,0.679366046575333
650,614,45.0,1562.0,15.840268886042521,0.16252299001591508,2.9439437601585507,0.9287108555625322,0.6792459957854382
259,525,45.0,1475.0,15.881355932202313,0.15386889122452446,3.0135196131993025,0.9506595934692949,0.6787777731112348
709,156,112.5,861.0,24.822880371657973,0.1403868891225609,3.126356704166844,0.9862557324682305,0.6787497178929585
561,165,112.5,1029.0,22.20359572400173,0.15007553862336045,3.044938549419418,0.9605711643127123,0.678717925390676
481,436,90.0,904.0,24.04867256636902,0.14280084077784497,3.1029974505580107,0.9788867084067132,0.6782569724072763
582,215,67.5,840.0,25.803571428568358,0.14237388334221546,3.1062309009454667,0.979906748434785,0.6782024622840864
515,172,157.5,964.0,22.606327800827533,0.14314569101431499,3.0997006816520987,0.9778466936100185,0.6781929316582268
922,129,45.0,1346.0,16.602897473995792,0.14679125065699197,3.0687579666243248,0.9680853538263661,0.6781324806303978
332,297,112.5,769.0,28.293237971387736,0.1429157908566652,3.101030206824219,0.9782661121046251,0.6780986631393274
443,180,157.5,848.0,25.462853773581898,0.14183197582776422,3.1095328700602716,0.980948403714737,0.6780067709037396
122,566,112.5,1090.0,20.536697247704538,0.1470375722544673,3.0651512653746225,0.9669475662610258,0.6778892773115075
680,436,90.0,445.0,46.348314606731165,0.13547687861282046,3.1611268250546942,0.997224484369941,0.6777419972657157
255,528,45.0,1457.0,15.803019903911064,0.1512414608514268,3.028610181349387,0.955420137691388,0.6776840136085935
433,273,112.5,853.0,25.190504103162343,0.14114227535482626,3.1131731122864794,0.9820967722800978,0.6776690218878272
598,361,67.5,965.0,22.45336787564534,0.14232461902272206,3.1028261713741867,0.9788326758400921,0.6776002878939863
855,508,45.0,1659.0,15.322483423748322,0.16697320021034967,2.895884594845945,0.9135498768987661,0.6775496474992396
346,605,67.5,1501.0,16.828780812790352,0.1659222280611096,2.9045172134281865,0.9162731648561511,0.6775216788324556
400,203,157.5,858.0,24.51923076922791,0.13818641618509178,3.1361445221930637,0.9893434452758729,0.6773840728203163
634,39,22.5,1118.0,19.711538461536698,0.14475499211783924,3.080733322583099,0.971863158018366,0.6773290082257869
526,344,112.5,945.0,24.478835978833384,0.15194758276419107,3.0194007474886275,0.9525148847732371,0.6771650331456891
466,376,112.5,993.0,21.973816717016923,0.14332632685246588,3.0914796697824127,0.9752532531134942,0.6771350510834062
653,621,45.0,1599.0,15.553470919323603,0.16336048344734014,2.922187237708724,0.9218474368886115,0.6769216340253411
725,204,157.5,716.0,29.0188547485993,0.13647858644257532,3.147395110178786,0.9928926106285558,0.6769005349477567
569,283,157.5,869.0,24.237629459145655,0.13835063058341054,3.131522925839981,0.9878854939517941,0.6768722241341326
543,209,22.5,918.0,22.938453159038893,0.1383177877037477,3.1315233372070743,0.9878856237236637,0.6768288636248975
605,190,67.5,877.0,24.940136830099775,0.14367117708893298,3.086583107618435,0.9737085597337614,0.6768186710428338
821,538,45.0,1472.0,15.307404891303309,0.14800643720455053,3.0497895876459493,0.9621014964891279,0.6767472915831105
608,224,112.5,875.0,24.202857142854374,0.1391060168156762,3.124035952435322,0.9855236168091955,0.6766900696517687
577,208,112.5,885.0,24.90112994350001,0.1447549921178358,3.0766343666701474,0.9705700813963368,0.6766824699147678
683,215,112.5,774.0,27.377260981908606,0.1391881240148334,3.1215994920741648,0.9847549991415698,0.6764143243058809
821,546,45.0,1490.0,15.513422818790907,0.151832632685374,3.015558802406777,0.9513028860413736,0.6764070448966664
718,297,90.0,737.0,28.334464043415423,0.13716828691551392,3.1379132177961835,0.9899014066163827,0.6763168662402638
1006,18,67.5,1013.0,22.319842053304804,0.14851550183933362,3.0416874526464106,0.9595455574697971,0.6761424156985911
290,622,67.5,1473.0,17.26748133061661,0.16707172884933952,2.8856049826208534,0.9103070202947724,0.6760584953827543
662,156,112.5,841.0,24.913793103445315,0.13762808723080827,3.1318358154687287,0.9879841996399747,0.6759662182844582
426,288,112.5,909.0,23.31408140813825,0.13920454545466796,3.117946905489782,0.9836027363647784,0.6758599056150741
470,203,157.5,810.0,26.712962962959665,0.14212756174473692,3.09325264221606,0.9758125636438192,0.6758296794248195
259,517,45.0,1523.0,15.618844386079079,0.1562500000001444,2.974367542334619,0.9383084902580614,0.675750562655523
491,491,45.0,1442.0,15.28606102635123,0.1447878349975059,3.0697258511423042,0.9683906873965733,0.6756361983100656
457,221,157.5,894.0,24.211409395970446,0.14217682606423415,3.0884419882074727,0.9742949712697413,0.6751360213305394
502,207,112.5,818.0,26.448655256720482,0.14211114030490524,3.0872868457487255,0.973930564396323,0.674866967103486
590,19,67.5,1274.0,18.591051805336058,0.15557672096703618,2.9738215904606173,0.9381362616173985,0.6747742277341815
505,108,67.5,856.0,25.537383177567108,0.1435890698897733,3.073257738047217,0.9695048736638526,0.6746082645199512
761,591,45.0,1377.0,15.659041394334375,0.14163491854978835,3.0879825408892616,0.9741500317781124,0.6743470325644092
481,256,112.5,992.0,22.71421370967513,0.14800643720454568,3.0337212542255005,0.957032501666494,0.6742127941717871
300,619,67.5,1510.0,16.963576158939272,0.1682540725172337,2.862456103369314,0.9030043619539578,0.6739704804385069
488,248,67.5,1022.0,21.834637964772813,0.1465777719391744,3.043857320729033,0.9602300746371228,0.6739225759671595
562,110,22.5,751.0,27.646471371500976,0.13638005780358506,3.129335038286695,0.987195292274376,0.6739215995851546
727,173,157.5,682.0,29.846041055714092,0.1337033631109903,3.1513180292221663,0.9941301538012162,0.6738498606421282
266,512,45.0,1532.0,15.825718015664766,0.15925512348937482,2.93696374685192,0.9265089065247931,0.6738241944470443
544,223,112.5,855.0,25.166666666663723,0.14133933263280862,3.086673139361105,0.9737369615863696,0.6737496689119896
572,329,112.5,1061.0,21.722431668235465,0.15138925380990967,3.001735364080006,0.9469420767728638,0.6736403974275962
717,313,112.5,668.0,30.628742514965477,0.13439306358392797,3.1441739852947372,0.9918764588638979,0.6736349464720615
469,353,67.5,911.0,25.150933040611946,0.15050249605898688,3.007892522043941,0.9488844438513067,0.6734390952971949
689,320,112.5,1068.0,20.16619850187077,0.1414707041514668,3.0833869515745986,0.9727002847612045,0.6734050320800958
598,242,157.5,624.0,32.53605769230248,0.1333585128745195,3.15013753555262,0.9937577495112064,0.6732076918478245
885,497,45.0,1422.0,15.555555555554463,0.1452968996322934,3.049649899097115,0.9620574296582817,0.6731426630660715
359,519,22.5,1352.0,16.662352071004683,0.1479735943248859,3.026872863859452,0.954872075043488,0.6730891554651184
565,384,67.5,841.0,26.69441141497899,0.1474645296900917,3.0309580786904684,0.9561608168367975,0.6730604327366124
329,435,67.5,989.0,22.166329625882486,0.143999605885572,3.0596968002762965,0.9652268741008502,0.6730120821780916
40,576,45.0,1373.0,15.746540422431483,0.14201261166592108,3.075756063758189,0.9702930076764351,0.6729179125580381
535,361,112.5,1031.0,22.55334626575921,0.1527358118761217,2.9852858209246795,0.9417528236681871,0.6728262120772722
686,345,112.5,959.0,22.095933263814167,0.13918812401483685,3.0976697610289015,0.9772060094858602,0.6726398294780306
544,435,67.5,925.0,23.699999999997438,0.14399960588557104,3.0568728866104884,0.9643360285242124,0.6725666593897714
916,136,45.0,1271.0,16.412273800156065,0.137020493957035,3.113862458983635,0.9823142369509786,0.6723278671293021
933,63,45.0,1262.0,17.133518225038262,0.14202903310575207,3.071391857816213,0.9689162539866822,0.6722512484107461
271,659,90.0,1356.0,17.783923303833497,0.15840120861811674,2.933984702168422,0.9255691225607745,0.6722252421905847
551,105,112.5,816.0,26.76470588234966,0.1434576983711176,3.0589864901527077,0.9650027962052328,0.6721835242099558
762,39,22.5,991.0,21.06205852673854,0.13710260115619124,3.11224296430138,0.981803343260586,0.6721809837720296
740,530,45.0,1520.0,16.320723684209455,0.16294994745154315,2.895438003180599,0.9134089929140841,0.672159594598438
445,283,45.0,672.0,29.843749999995552,0.131732790331167,3.155009775114448,0.995294769964249,0.6718266450133786
419,617,67.5,1317.0,20.01138952163857,0.17311481870746248,2.8074739064892413,0.885659409989777,0.6717249629417366
227,434,67.5,1060.0,24.226415094337337,0.1686810299528573,2.844281025036565,0.8972707631071462,0.6716682111523191
518,545,157.5,1402.0,17.728245363764785,0.16326195480834757,2.8888123550975835,0.9113188336579501,0.6715270562244953
774,587,45.0,1425.0,15.270175438595421,0.14293221229650563,3.0561726497540187,0.9641151283905657,0.6710448839798946
427,223,112.5,895.0,22.999999999997428,0.13521413557552597,3.120804506111516,0.9845042089928164,0.6710344564158048
353,157,112.5,863.0,24.58864426419182,0.13938518129281757,3.085535773672905,0.973378162659681,0.6709864584359655
678,345,112.5,963.0,21.79387331256264,0.13785798738845637,3.0966497012064473,0.9768842164396557,0.6707202044504991
597,275,157.5,914.0,22.28665207877218,0.13380189174998647,3.129963680801859,0.9873936069079644,0.6706118633810223
787,626,67.5,1240.0,18.370967741934003,0.14963215974790275,2.9961044893352446,0.9451657335653119,0.6704289671821693
397,384,67.5,881.0,25.354710556183274,0.14672556489765884,3.01920237082467,0.9524523039033845,0.6702291048785574
502,224,90.0,993.0,22.82729103725853,0.1488931949554661,3.000435329295563,0.9465319614597723,0.6701350097380459
658,223,112.5,737.0,27.19810040705194,0.1316671045718413,3.144627244688071,0.9920194462825679,0.6701021323821982
467,535,45.0,1686.0,13.818208778172371,0.1530313977931009,2.9643830661576804,0.9351587387111334,0.6699199981552928
737,524,45.0,1623.0,15.790203327170932,0.16833617971639384,2.8340723962242698,0.8940502992767244,0.669602012587819
389,345,67.5,937.0,21.987726787617717,0.1353290856543497,3.1099717215288094,0.9810868459391866,0.6694777637720897
721,303,157.5,706.0,28.084277620392623,0.13023843930646886,3.152534365069469,0.9945138650394156,0.6694603370706785
808,557,45.0,1495.0,15.533444816052471,0.15253875459814395,2.9649922326414906,0.9353509093408906,0.6693647025426035
484,486,45.0,1512.0,15.95899470899365,0.15849973725710909,2.914749440643919,0.9195010731540058,0.6693214936727152
712,618,112.5,1105.0,24.36877828054078,0.17687532842895573,2.760502671947144,0.8708416352724807,0.6692882833301755
529,259,157.5,936.0,21.69070512820281,0.1333585128745266,3.1250949749172627,0.9858577012059744,0.6692576676952179
481,640,45.0,1623.0,13.80468268638239,0.14716894377312664,3.009314969860622,0.9493331761765301,0.66925578384995
556,114,90.0,385.0,50.94155844154521,0.12882619548091384,3.1625635883744483,0.9976777327335773,0.6691749789253822
468,516,45.0,1801.0,13.001110494169183,0.15380320546519888,2.9529382717568406,0.9315483080556345,0.6691352796140649
419,223,112.5,900.0,22.55555555555305,0.13334209143469417,3.1194727195202154,0.9840840770998871,0.6683491429445879
445,548,45.0,1664.0,13.398437499999195,0.14644640042052504,3.0075359013170964,0.9487719425376536,0.6680198083367479
980,73,67.5,1015.0,20.522167487682704,0.13682343667904998,3.0869283983417644,0.9738174868292516,0.6678189396974086
424,617,67.5,1231.0,18.93988627132259,0.15314634787192058,2.9497445627703343,0.9305408050437168,0.6677630202046789
33,54,45.0,720.0,27.26041666666288,0.12892472411992056,3.1516627356950435,0.9942388965862097,0.6675858370372323
426,272,112.5,777.0,25.55019305018976,0.13040265370478912,3.1392690294009156,0.9903291175572141,0.6675850903054354
571,213,157.5,841.0,23.59690844232775,0.1303533893852948,3.1394331363630505,0.9903808875398037,0.6675458372039752
536,190,112.5,967.0,22.53877973112487,0.14316211245414692,3.031962883549311,0.9564777974777863,0.6675301962896963
571,361,67.5,967.0,23.54446742502342,0.14955005254874004,2.9781267148422477,0.9394943771499967,0.6674847254865794
882,484,45.0,1369.0,15.462016070123049,0.1390403310563545,3.06616509214464,0.9672673929981115,0.6674751069558921
586,550,45.0,1569.0,13.565965583173131,0.1398121387284532,3.0594646195809863,0.9651536292464122,0.6674387218665649
660,524,45.0,1740.0,13.127873563217635,0.15004269574370271,2.9736660559440495,0.9380871959402936,0.6674325158093035
330,37,45.0,1346.0,16.634472511142896,0.14707041513413363,2.9977064786601377,0.945671104930301,0.6672944720413196
555,643,45.0,1665.0,13.381381381380576,0.14634787178153388,3.0031042538253563,0.9473739134077137,0.6671905175862647
533,249,112.5,702.0,28.034188034184037,0.12926957435638908,3.14603549815665,0.9924637007895164,0.6671542057881814
33,573,45.0,1466.0,14.445770804910337,0.1391060168156826,3.0635446452250785,0.9664407340335085,0.6671486282639336
674,501,45.0,1575.0,13.734920634919764,0.14209471886508174,3.038424201029115,0.9585161162004262,0.6671380303079631
956,33,45.0,1205.0,17.002074688795272,0.1345736994220874,3.1008394153982666,0.9782059241109452,0.6670385187690381
374,264,157.5,751.0,26.105193075895322,0.12877693116143454,3.1485171858628416,0.9932465860959708,0.6668942675138438
484,352,67.5,1090.0,19.49082568807161,0.13954939569113955,3.0558920432807675,0.9640266069040562,0.666527807534013
441,353,67.5,976.0,20.932377049178186,0.134196006305952,3.100682892371409,0.9781565465935635,0.6665144379658762
369,320,112.5,1032.0,20.15019379844766,0.13659353652140419,3.0805176112446397,0.9717951086675577,0.6665037728503642
4,501,22.5,684.0,28.618421052627394,0.12857987388345057,3.1469665447196706,0.9927574132788014,0.6663891287342304
620,282,112.5,771.0,27.295719844354437,0.13823568050458557,3.0658281058920065,0.967161085671446,0.6663580311108571
582,541,45.0,1739.0,12.929844738354634,0.14769442984774675,2.9863624544794924,0.9420924637398996,0.6663302339543731
381,639,45.0,1674.0,13.548387096773384,0.14897530215463148,2.9753639709239414,0.9386228284802178,0.6662890067362045
663,520,45.0,1681.0,13.55889351576362,0.14971426694706522,2.968938815377995,0.9365959175775865,0.6662526226762386
589,546,45.0,1722.0,12.74390243902365,0.14414739884406494,3.014918493753172,0.9511008911508594,0.6661445049813743
646,156,112.5,795.0,24.871069182386808,0.12987716763017004,3.1339039642445394,0.9886366279387104,0.6660440391734466
842,519,67.5,1383.0,19.410701373823613,0.17633342091450757,2.7440377681722454,0.8656475364318434,0.6659747148895381
285,619,67.5,1539.0,17.024041585443985,0.17209668943788906,2.7792489445638187,0.8767554258536918,0.6659267836233924
519,345,112.5,1033.0,19.999999999998064,0.1357067787704838,3.0841020342232395,0.9729258682208496,0.6658966669573906
310,616,67.5,1524.0,16.76837270341097,0.16785995796126918,2.8143970853567515,0.8878434297581816,0.6658689095985658
319,609,67.5,1501.0,17.12524983344323,0.16884524435118065,2.8036840171297586,0.8844638330099562,0.6654818730795858
341,296,112.5,825.0,24.969696969693942,0.13531266421451585,3.084666260428586,0.9731038617711987,0.6654645589905076
467,106,112.5,640.0,30.45312499999524,0.1280215449291661,3.1443401670502147,0.9919288833709137,0.6652366320623762
340,648,67.5,1492.0,16.474530831098086,0.16145559642684368,2.8634097394075555,0.9033052006292601,0.6651318429757409
81,79,90.0,947.0,21.35427666314452,0.13283302679990724,3.1030907826034495,0.9789161513889277,0.6650920864639572
424,115,90.0,801.0,24.737827715352715,0.13015633210731176,3.1254619245132536,0.9859734609150601,0.6650815715205759
105,59,157.5,783.0,24.9521072796903,0.1283335522859751,3.1395285790662752,0.9904109963604164,0.6648902298112579
481,491,45.0,1650.0,13.331818181817374,0.14449224908053365,3.003703386627246,0.9475629187632403,0.6648314854368609
378,198,112.5,804.0,25.55970149253413,0.13498423541787824,3.0833059860063825,0.9726747429682033,0.6648157456372984
723,259,45.0,680.0,28.352941176466416,0.12664214398329118,3.1529407604063975,0.9946420684943059,0.664769358026888
426,45,157.5,987.0,23.062310030392798,0.14951720966907664,2.9597705864976196,0.9337036633834958,0.6645459432081583
694,275,157.5,630.0,30.61904761904276,0.12670782974261716,3.1491972212568036,0.993461113377737,0.6642657312589438
529,208,157.5,913.0,21.629244249723808,0.12971295323185356,3.1235447330434605,0.9853686543442672,0.6641929254003723
402,216,67.5,815.0,23.953987730058408,0.12823502364698455,3.1352816234022765,0.9890712310151587,0.6640900709531166
671,156,112.5,879.0,22.440273037540106,0.1295651602733663,3.123310315175118,0.9852947037403144,0.6639605358201253
324,612,67.5,1571.0,15.980267345638701,0.16490409879153478,2.8264192643033272,0.8916360049582592,0.6638569116332064
340,157,112.5,835.0,24.392215568859356,0.1337854703101532,3.0870553541917065,0.973857536940811,0.6638221156998582
491,20,67.5,1049.0,27.36177311725192,0.1885345507095749,2.626199508414706,0.8284737043367868,0.6635203331480664
693,198,112.5,630.0,30.817460317455428,0.12752890173421005,3.136448600114484,0.9894393711798871,0.6633404950392962
67,490,45.0,1610.0,13.444099378881152,0.1421768260642412,3.012266815051401,0.9502643796559299,0.663120725523643
620,613,157.5,1300.0,17.99230769230631,0.15363899106687703,2.915130357985685,0.9196212391962915,0.6629546182085336
453,345,112.5,1003.0,20.166999002989016,0.13286586967957176,3.0889363078544503,0.974450911756268,0.6629028920427995
221,509,45.0,636.0,29.870283018863226,0.12478652128228994,3.1566260129744332,0.9958046362416058,0.6628971070733695
713,215,67.5,884.0,22.641402714929566,0.131470047293862,3.09961521951717,0.9778197333081535,0.6627417235239684
725,209,157.5,673.0,28.502971768197842,0.1260017078298485,3.1453370558917886,0.99224336678649,0.6627232119671436
695,38,67.5,896.0,22.15401785714038,0.1303862322649595,3.1065800053559753,0.9800168786146313,0.6624072581365614
609,367,157.5,1101.0,18.39691189827262,0.13304650551772337,3.0841844030946257,0.9729518527067123,0.6623922021914642
778,583,45.0,1362.0,15.636930983846135,0.13989424592761113,3.0254969479420084,0.954438021898124,0.6621894816803467
464,345,67.5,1010.0,19.876237623760407,0.13186416184982847,3.091707068749852,0.9753249895007386,0.6620154563623166
891,18,67.5,1130.0,18.544247787608978,0.1376445086706443,3.042751450978266,0.959881211572456,0.6619364369482899
334,157,112.5,820.0,24.402439024387263,0.1314372044141971,3.0939166631142414,0.976022038914647,0.6617994509320425
523,241,67.5,770.0,26.071428571425187,0.1318641618498244,3.0900775612367215,0.9748109371138878,0.6617584301688858
450,173,67.5,798.0,23.99749373433283,0.1257882291120373,3.1397010608526608,0.9904654083059063,0.6615519676582434
580,257,112.5,857.0,22.648774795796655,0.1274960588545517,3.1252343012516586,0.9859016537708873,0.6615282109396323
464,156,67.5,976.0,20.302254098358574,0.13015633210731467,3.1019394228504766,0.9785529378263198,0.6613713099762096
617,320,112.5,1016.0,19.714566929131916,0.13156857593285506,3.0899641537774247,0.9747751610437139,0.6613497135772644
593,538,45.0,1734.0,13.826412918107623,0.15748160798753516,2.8723957992409144,0.9061399868873801,0.6612947632891002
434,32,45.0,1443.0,14.379764379763381,0.13629795060443445,3.0494478874202016,0.9619937020695145,0.6612122409948077
1016,141,67.5,836.0,23.88755980860958,0.13117446137688768,3.0921669659893953,0.9754700709267453,0.6611760637767233
691,328,112.5,932.0,22.864806866950335,0.13997635312676568,3.0161240499875897,0.9514812017998081,0.6608196351191102
377,644,45.0,1583.0,13.041692987996647,0.1356082501314972,3.0527133737897456,0.9630238483247284,0.6608153808238227
591,273,112.5,959.0,20.72992700729711,0.1305832895429428,3.0945003374966245,0.9762061676817685,0.6607624550411579
648,215,67.5,769.0,25.13003901170024,0.1269377299002668,3.124814331027378,0.9857691679158312,0.6607237362941933
671,297,112.5,956.0,20.805439330541756,0.13064897530227018,3.0933588685698616,0.9758460743274326,0.6606692591543322
258,642,112.5,1072.0,18.624067164177365,0.1311416184972274,3.0876743327644363,0.9740528029399901,0.6604240043881792
63,518,45.0,1542.0,13.592736705576291,0.1376773515503113,3.0327713302234414,0.9567328340082286,0.6604056735613516
477,518,45.0,1460.0,13.847602739725081,0.1328001839202485,3.0735633469997055,0.9696012825543942,0.6603912266515259
585,537,45.0,1525.0,15.62786885245799,0.1565455859171179,2.8739626605478144,0.9066342765965015,0.660304284381283
263,642,67.5,1074.0,18.454376163871654,0.13018917498697963,3.09386024901177,0.9760042422467621,0.6601403875816034
447,626,45.0,1704.0,13.25410798121988,0.14835128744102097,2.941337379312623,0.9278886339501149,0.6600968269629024
337,368,22.5,1020.0,19.09313725490009,0.1279230162901824,3.111865639463356,0.9816843105270505,0.6599840694549413
393,257,112.5,863.0,22.26245654692674,0.12619876510783495,3.126155991027786,0.9861924145225481,0.6599582882062045
406,114,67.5,416.0,44.783653846143075,0.1223725696269966,3.1575355801093146,0.9960915727257394,0.6598488087703476
677,512,45.0,1672.0,13.443480861243216,0.14764516552825085,2.9455301880450446,0.9292113178402744,0.6598245229118034
125,443,67.5,1251.0,16.870503597120955,0.13862979506055706,3.020989121558077,0.9530159610033457,0.6598065735188692
47,539,45.0,1464.0,14.544057377048185,0.1398614030479481,3.0103105436725945,0.9496472447464552,0.6597506677093422
670,523,45.0,1675.0,13.510447761193221,0.14864687335799429,2.9358163179756507,0.9261469330157205,0.6596168050522448
638,320,112.5,1015.0,19.573891625613832,0.13050118234378422,3.08786358792843,0.9741125062969803,0.659607060860837
339,510,67.5,1243.0,16.99919549476935,0.13879400945887557,3.0166177585263134,0.9516369495031445,0.659334194744624
611,320,112.5,1009.0,19.566402378590723,0.12968011035219118,3.092538389400453,0.9755872419673498,0.6592587938167442
494,241,112.5,819.0,25.228937728934646,0.1357232002103122,3.041834390101559,0.9595919110759807,0.6592514010825371
721,308,157.5,673.0,27.689450222878502,0.12240541250667158,3.1526476903152165,0.9945496151741019,0.6591212553897148
680,156,112.5,767.0,24.65775749673733,0.12422819232801006,3.1372327871277523,0.9896867546394049,0.6590999345543649
461,649,67.5,901.0,21.240288568255135,0.1257061219128798,3.1244365269577252,0.9856499840015491,0.6590356920181395
158,547,45.0,1397.0,15.839298496777676,0.14534616395178876,2.959754525901151,0.9336985968294096,0.6590283847443918
24,13,112.5,533.0,34.699812382732695,0.12148581187608275,3.158384836144536,0.9963594831762501,0.6588102783259919
535,216,112.5,872.0,22.758027522933173,0.1303533893852954,3.0824736863646107,0.9724121816642628,0.6585614842662055
929,68,45.0,1257.0,16.49363564041237,0.13618300052561005,3.0334684886329795,0.9569527629999937,0.6585397825769466
313,57,45.0,1302.0,16.33640552995266,0.1397136100894602,3.0033849985901595,0.9474624785203507,0.6584628703180184
86,78,67.5,805.0,23.475155279500186,0.12412966368901968,3.1338511940786713,0.9886199808048369,0.6584362714515686
380,353,67.5,877.0,23.777080957808007,0.13697122963753458,3.0256375110647866,0.9544823646263317,0.6583467928742157
110,543,45.0,1515.0,13.643564356434743,0.13577246452981542,3.0354187868623392,0.9575680135906139,0.6583045904326205
701,525,22.5,1602.0,14.569288389512199,0.15331056227024203,2.8883563628602635,0.9111749841229887,0.6582972367201742
494,361,112.5,1012.0,19.397233201579112,0.12894114555975758,3.092344447741199,0.9755260601857095,0.6582511315345746
107,534,45.0,1607.0,13.439639079028412,0.1418648187074359,2.9839189103980557,0.9413216114073286,0.658236800145217
336,645,67.5,1413.0,16.836518046707937,0.15626642143997546,2.8630058354296546,0.9031777831106383,0.658206921779396
696,328,67.5,869.0,23.391829689295353,0.1335227272728441,3.0507436624369304,0.9624024735755091,0.6577471808558393
538,264,112.5,854.0,22.21896955503253,0.12463872832380823,3.1249692367215056,0.9858180352215425,0.6577083922850746
676,231,112.5,703.0,27.05192034139018,0.12491789280094669,3.122446743895008,0.9850222773328385,0.6576796291996727
506,314,112.5,847.0,22.246162927978485,0.12376839201271961,3.1309215540422155,0.9876957822717098,0.6574964928381242
493,314,112.5,864.0,21.874999999997467,0.12414608512885261,3.1275968339496294,0.9866469498573551,0.6574714686754146
827,542,45.0,1193.0,16.007963118188098,0.12544337887557347,3.1153784914657816,0.9827924919511623,0.6572595428315817
178,439,67.5,1325.0,16.101886792451616,0.14014056752508874,2.9921749181447006,0.943926091873866,0.6572592071320006
677,215,112.5,853.0,22.62895662367847,0.12678993694178167,3.103923724996752,0.9791789154584005,0.6572331957872102
450,633,45.0,1657.0,13.402232951115668,0.14587165002640995,2.9428753665198544,0.9283738148949422,0.657060800099898
396,231,112.5,809.0,24.174907292951275,0.12846492380463045,3.087803455672195,0.9740935366821765,0.656905201552823
309,436,90.0,465.0,39.29032258063671,0.12000788229121229,3.158117993752876,0.9962753037740437,0.6568140458421854
521,156,112.5,969.0,19.858101135188868,0.12639582238581887,3.103882640059866,0.979165954603848,0.6567056106178832
366,156,112.5,929.0,20.55435952637023,0.12542695743573865,3.111793799559602,0.9816616475606647,0.6566724079387435
478,361,112.5,986.0,19.56896551723939,0.12674067262228808,3.100744714796946,0.9781760493974181,0.656666624663965
652,435,67.5,311.0,58.263665594836574,0.11902259590128819,3.1643702640882263,0.9982476754650162,0.6564974698325221
474,505,45.0,1752.0,13.263413242008376,0.15263728323713663,2.882422065848398,0.9093029218473305,0.6564709849813387
452,353,112.5,987.0,21.388044579531773,0.1386626379402178,2.9974960950704372,0.9456047362970985,0.6561443865609128
158,532,45.0,1553.0,13.358016741789223,0.13626510772477143,3.016215433066131,0.9515100299514203,0.6559269795405904
459,173,112.5,849.0,21.94051825677009,0.12235614818717976,3.1325571864111597,0.9882117668354454,0.6558871931276349
501,328,112.5,993.0,19.26233635447943,0.12564043615355366,3.1016858577888295,0.9784729469553903,0.6553603227047196
368,353,112.5,908.0,23.050660792949,0.13748029427232272,2.999598620241268,0.9462680091410535,0.6549127087567292
286,431,157.5,907.0,20.562293274529154,0.1225039411456674,3.1249138369834566,0.9858005585500048,0.6548770032631857
307,40,45.0,1203.0,15.746051537820803,0.12442524960599827,3.1074193960214838,0.9802816768875011,0.6546579480494473
340,337,67.5,971.0,21.441812564364422,0.13675775091972192,3.003480908861401,0.9474927348422506,0.654569712913565
620,44,67.5,1247.0,17.036888532476578,0.1395493956911411,2.979963667661176,0.9400738712446811,0.6545514397043275
588,328,67.5,990.0,19.348484848482897,0.1258210719917041,3.0948544462084335,0.9763178765429082,0.6545216271719195
534,223,67.5,808.0,23.73143564356142,0.1259524435103561,3.09357841445758,0.9759153333438509,0.6544940571530715
454,629,45.0,1626.0,13.259532595325137,0.14161849710995805,2.9600388743638497,0.9337882987821591,0.6541444533688491
686,34,67.5,1038.0,18.69942196531612,0.12749605885455428,3.077298918538606,0.9707797241696378,0.6539672461390109
168,37,67.5,393.0,45.362595419835785,0.11710128744096894,3.1643942187854006,0.9982552323306088,0.6539608626478203
875,491,45.0,1291.0,15.848179705653301,0.13439306358393763,3.019178873406097,0.9524448912931295,0.65391916268669
125,44,67.5,1045.0,18.138755980859507,0.124507356805156,3.1009398170828506,0.9782375973160017,0.6537444717516233
673,173,112.5,753.0,24.13346613545496,0.11936744613777966,3.1439023957736287,0.9917907819090852,0.6537249897038828
233,540,112.5,669.0,27.619581464868816,0.12137086179726438,3.126778840184855,0.986388901555139,0.6536729986323437
667,267,157.5,859.0,21.33876600698238,0.12040199684718872,3.1348914468399443,0.9889481440139979,0.6536715707042312
657,541,45.0,1656.0,13.413345410627208,0.1459044929060736,2.920482898901143,0.9213097778566769,0.6535722069759363
669,215,67.5,845.0,22.39644970413936,0.12431029952717089,3.1010330057086315,0.9782669950543514,0.653498618249768
386,634,45.0,1717.0,13.427489807803527,0.15143851812941064,2.8731600541055338,0.9063810824540799,0.6534250383609681
810,548,45.0,1211.0,16.308835672996178,0.12972937467168894,3.0545989974683088,0.9636186963661504,0.6533396591089041
342,239,112.5,775.0,23.525806451609864,0.1197615606937447,3.138010184855733,0.9899319963178755,0.6533167016503316
604,296,112.5,844.0,21.72985781990264,0.12046768260651594,3.131768573234097,0.9879629870767119,0.6532658430259302
653,544,45.0,1528.0,15.95876963350681,0.16017472411995892,2.798418544449187,0.8828027613195611,0.653187032909219
712,172,157.5,653.0,27.438744257269914,0.11769245927492769,3.1531685070181954,0.9947139145511352,0.6529718608711789
667,527,45.0,1689.0,13.809946714031152,0.15321203363125135,2.8552237905124374,0.9007228212696874,0.6529408791080109
701,240,90.0,859.0,21.493015133874096,0.12127233315827725,3.1226290721979195,0.9850797955084508,0.6528881694234916
661,390,112.5,893.0,23.22228443448788,0.13621584340526935,2.9969016210718142,0.9454172006303706,0.6528154267873003
395,345,112.5,960.0,19.499999999997968,0.12296374146096019,3.106706606996741,0.9800568169856363,0.6526130880133978
371,376,67.5,952.0,19.61134453781306,0.1226353126643229,3.1088698913710617,0.9807392572242338,0.6525200541809855
488,495,45.0,1574.0,13.800825921218946,0.14268589069902868,2.9395813343451387,0.9273346634408173,0.6523289610412384
830,530,45.0,1490.0,13.708053691274248,0.134163163426293,3.0109027388947815,0.9498340615392554,0.6523097700435573
503,156,112.5,930.0,19.897849462363453,0.12155149763541992,3.1153353454177695,0.9827788808884423,0.6521068279724431
705,27,67.5,1059.0,19.26345609064974,0.13399894902797077,3.0102811531141,0.9496379730575408,0.6519945988268396
499,243,45.0,913.0,20.528477546547588,0.12311153441944629,3.100860779391715,0.9782126637005062,0.6518864256491017
797,559,45.0,1407.0,15.883084577113298,0.14679125065699247,2.901596369484823,0.9153517411814474,0.6517656743079391
447,344,67.5,915.0,22.27868852458773,0.1339004203889776,3.0088379757088384,0.9491827012752102,0.6516366867501584
650,249,67.5,702.0,26.160968660964933,0.12063189700483161,3.119885591440658,0.9842143236893974,0.6516086383081244
574,288,112.5,831.0,24.01323706377569,0.13107593273789644,3.0321944804559813,0.9565508581674129,0.6515861812115438
49,65,157.5,839.0,21.5822407628103,0.11894048870215296,3.1336706960620258,0.9885630400202557,0.651546588622246
693,627,45.0,1479.0,13.781271129140379,0.13388399894915134,3.008060001622492,0.9489372777759184,0.6514922623029343
409,249,112.5,801.0,22.493757802743758,0.11834931686820538,3.138156109635668,0.9899780304605978,0.6514724267293365
488,361,112.5,978.0,19.054192229036907,0.12240541250667726,3.104032912837057,0.9792133603869889,0.6514531279961657
425,280,112.5,707.0,26.65487977368788,0.12378481345254855,3.092260439225714,0.9754995584497234,0.6514200936247125
694,215,67.5,722.0,25.055401662046386,0.11882553862332765,3.1335685552417902,0.9885308181789855,0.651378488818509
354,173,112.5,810.0,22.29629629629354,0.11862848134534712,3.1351128182334165,0.9890179789133635,0.6513615168146738
770,583,45.0,1241.0,15.699033037871418,0.12797228060968022,3.056601521716305,0.9642504224313052,0.6513322634998282
438,288,112.5,833.0,23.532412965183248,0.12876050972160438,3.0496353772474287,0.9620528485247595,0.6512756860306549
203,435,90.0,1432.0,15.329958100557588,0.14419666316355886,2.919775130796417,0.9210865018787266,0.6512024484380624
546,384,112.5,958.0,19.326722338202572,0.12161718339474772,3.1085274646617074,0.9806312336245593,0.6511198551308442
332,635,112.5,1207.0,16.582435791216522,0.13147004729386597,3.025421594540574,0.954414250546625,0.6510389821432094
353,264,112.5,832.0,22.554086538458826,0.12325932737793167,3.0935137541089275,0.9758949352749301,0.6509229757145819
595,518,45.0,1607.0,14.240821406346347,0.15032186022084362,2.8666282556636355,0.9043205294634173,0.6509182984298187
730,45,45.0,940.0,20.090425531912754,0.1240475564898626,3.085999975633841,0.9735246020740915,0.6507800185982711
583,13,67.5,1290.0,16.003875968991007,0.13560825013149524,2.989072986636013,0.9429475414326802,0.6507772273777961
135,62,45.0,1079.0,16.795644114919664,0.11903901734114727,3.1278779515363886,0.9867356325822244,0.6507631610887478
764,599,45.0,1504.0,12.558178191488528,0.12406397792969943,3.085699929957383,0.9734299482017377,0.6507544043596862
230,526,22.5,1385.0,13.969314079421373,0.12708552285876087,3.0602145699577794,0.9653902122496227,0.6507296727393688
92,446,90.0,1367.0,15.213972201900864,0.13660995796123931,2.979468348654202,0.9399176154951766,0.6505867389617636
335,529,112.5,1173.0,16.673060528557826,0.1284649238046354,3.0468575884221885,0.9611765537152683,0.6504467100693754
955,17,45.0,1239.0,15.24414850685914,0.12406397792969767,3.0834136984952636,0.9727087224752364,0.6503937914964333
511,223,67.5,927.0,19.792340884571757,0.12051694692601277,3.1127478388957055,0.9819626134622772,0.650330794311471
51,455,90.0,1411.0,16.755846917078898,0.15529755648989574,2.820781343230685,0.8898574388817504,0.6502657005074046
613,288,67.5,912.0,22.01206140350636,0.13186416184982708,3.0163905013865326,0.9515652578575451,0.650135590540718
605,173,112.5,735.0,24.091836734690602,0.11631305832905363,3.1459481376252487,0.9924361416102417,0.6500091078035488
576,216,112.5,804.0,22.226368159201215,0.11738045191812577,3.136846744959642,0.989564971894408,0.6499848482886943
511,328,112.5,955.0,19.14397905758962,0.12008998949038481,3.1113996281978107,0.9815373003405845,0.649553607613401
657,156,112.5,792.0,22.499999999997158,0.11705202312148838,3.1363216350549425,0.9893993181630227,0.6494677674712904
566,156,112.5,932.0,19.452789699568726,0.11908828166064109,3.1181918363153915,0.9836800034375004,0.6493004846091401
445,392,67.5,842.0,21.068883610448804,0.11652653704686979,3.137639000641292,0.9898149007354022,0.6489807524347438
221,504,22.5,1301.0,14.802075326670654,0.12649435102481335,3.0537601263176297,0.9633540619819625,0.6489299404924581
633,47,67.5,1147.0,17.25806451612753,0.13002496058866178,3.0232901096292184,0.9537418419216938,0.6487920604432148
440,376,112.5,1030.0,19.716019417473813,0.13339135575419162,2.9947572219038143,0.9447407180110582,0.6487426014929326
451,288,67.5,837.0,21.323178016723855,0.11723265895963962,3.1294488910784213,0.9872312088312896,0.6486225524788659
627,169,157.5,716.0,24.343575418991012,0.1144902785077169,3.1497433902250918,0.9936334105040222,0.6481976328184429
345,345,67.5,916.0,19.661572052399595,0.11830005254871163,3.117796995671685,0.9835554450824832,0.6481959959475249
439,272,112.5,868.0,22.171658986172563,0.12641224382564922,3.0496982199407214,0.962072673187256,0.6481806826071708
599,526,45.0,1759.0,12.906480955087384,0.14912309511311866,2.8592774988739147,0.9020016238784663,0.6481738187135992
373,41,45.0,1229.0,14.845402766475603,0.11984366789290972,3.104382852732569,0.9793237541330092,0.6481211440458338
584,51,67.5,1308.0,18.379204892964953,0.1579085654231605,2.7850207261700803,0.8785762202269451,0.648077410096103
131,37,112.5,898.0,19.855233853004467,0.11711770888081754,3.126352933402897,0.9862545429246466,0.6479822306424469
377,208,112.5,810.0,23.123456790120603,0.12302942722028527,3.0759343004671833,0.9703492350978767,0.6478461478598571
711,234,157.5,725.0,23.958620689651866,0.1140961639517525,3.150624730345785,0.9939114423566027,0.6478155440026803
704,264,112.5,660.0,26.318181818177827,0.11409616395175093,3.149953874333943,0.9936998108474864,0.64770972824812
578,190,67.5,883.0,20.302944507358966,0.11775814503425983,3.1186022544687413,0.9838094759496774,0.6476064923607983
638,31,45.0,1156.0,15.529844290656095,0.11792235943258156,3.116402665754934,0.9831155829670969,0.6474766728453677
644,165,67.5,876.0,21.033105022828646,0.12102601156079962,3.0889783183030963,0.9744641645772738,0.6472546634941203
383,651,157.5,1224.0,18.247549019606353,0.14670914345783162,2.873253734282629,0.9064106352596045,0.6471865578590879
879,503,45.0,1571.0,13.298854232971783,0.13723397267485127,2.9517916789907668,0.9311865983099616,0.6470463128774085
8,576,67.5,953.0,21.35362014690227,0.13367052023133216,2.9797761043164894,0.9400147015972601,0.6467487091449864
468,54,67.5,1097.0,16.97584320874959,0.1223233053075193,3.07470370815368,0.969961026445324,0.6467183975374073
353,345,112.5,931.0,19.229323308268608,0.11759393063594192,3.1142287201458934,0.9824297794834018,0.646699517151806
500,430,67.5,937.0,19.770544290286043,0.12168286915407489,3.0799421825312576,0.9716135811193917,0.6466978796686023
380,231,112.5,906.0,19.49227373068217,0.11600105097225125,3.1251552615573726,0.9858767195234686,0.6463168555060408
669,166,67.5,787.0,22.125158831001002,0.11437532842889533,3.13798041322884,0.9899226044152661,0.6461902408909679
767,595,45.0,1381.0,13.200579290368342,0.11974513925391965,3.092741491830449,0.9756513136504035,0.6461546476190191
323,556,112.5,1107.0,16.76151761517464,0.12187992643205921,3.073882269892153,0.9697018915253641,0.6460025872426178
648,361,112.5,957.0,18.753918495295846,0.11788951655291575,3.106447484603506,0.979975072971782,0.6458629924525364
319,50,45.0,1348.0,14.250741839761552,0.12618234366800835,3.0364459732200166,0.9578920548083746,0.6457863956515392
480,369,112.5,781.0,23.31306017925438,0.11959734629542626,3.0901497921976504,0.9748337234450772,0.6455504382380772
450,282,112.5,810.0,21.493827160491175,0.11435890698906391,3.1331059267159214,0.9883848751280746,0.6453996635497872
146,45,157.5,613.0,27.724306688413094,0.11163294797697092,3.1558307432172166,0.9955537565656339,0.6453797964693602
396,264,67.5,819.0,21.32173382173122,0.11470375722553307,3.130031824828719,0.9874151039550015,0.6453707446125473
75,76,67.5,744.0,23.64919354838392,0.11557409353662018,3.1223568957014565,0.9849939333835303,0.6453109322988437
162,506,90.0,1359.0,15.147167034583138,0.13521413557553114,2.9570784233282987,0.9328543804609989,0.6452095421499029
22,54,45.0,695.0,24.622302158269836,0.11240475564907038,3.1481905063699718,0.9931435301900042,0.6451951800680688
456,166,67.5,799.0,21.648936170210053,0.11361994219663002,3.1373839816122095,0.9897344511888148,0.6450973801888072
524,198,112.5,730.0,23.472602739722806,0.11255254860755787,3.146285436203939,0.9925425474648084,0.6450901029837417
520,231,112.5,828.0,22.167874396132586,0.12056621124550676,3.0787787287353616,0.9712465523110234,0.6450379018285987
624,390,112.5,876.0,22.865296803650356,0.131568575932853,2.9863142637239495,0.9420772612491399,0.6450007636799747
421,231,67.5,828.0,22.270531400963492,0.12112454019978997,3.073439774153008,0.9695622996615366,0.644934007221764
263,636,67.5,1002.0,17.924151696604994,0.11797162375207557,3.099194382244309,0.9776869739297236,0.6448275064194356
407,390,112.5,867.0,22.494232987309978,0.12810365212833064,3.014182693248026,0.9508687719351645,0.6448151398324363
510,306,67.5,799.0,23.77033792240003,0.12475367840263023,3.042175564926158,0.9596995397499853,0.6448011334323935
495,264,67.5,894.0,19.586129753912797,0.11501576458233957,3.122917387920627,0.9851707489923904,0.6446611083853686
409,314,112.5,841.0,20.615338882280543,0.11388268523394049,3.1321845709633505,0.9880942197491139,0.6446246676303266
478,644,45.0,1680.0,13.29315476190397,0.146692722018003,2.856576012262265,0.9011493997373837,0.6445342274003962
672,249,67.5,819.0,22.200854700851988,0.11943313189710837,3.08377945689781,0.9728241064046292,0.6443285027419987
589,320,112.5,995.0,19.841708542711572,0.12968011035219099,2.9977348810548565,0.9456800648882515,0.6443052052771949
565,625,45.0,1799.0,12.497220678153834,0.14767800840791515,2.8467364413081278,0.8980453606987124,0.6442849697361942
865,22,45.0,1218.0,14.76806239737153,0.11815225959022814,3.0941777687332936,0.9761044085665895,0.6442750634113124
315,168,22.5,853.0,20.512895662365707,0.11493365738317966,3.1205819745829464,0.9844340081115753,0.6441841744570326
689,216,67.5,673.0,25.24517087666787,0.11160010509730883,3.148198579968062,0.9931460771266308,0.6441325313546896
383,37,112.5,1018.0,20.206286836933185,0.1351156069365367,2.9503559473042618,0.9307336753903809,0.6440189134290764
637,216,112.5,849.0,20.3680800942261,0.11358709931696716,3.1296383755507917,0.9872909845270188,0.6438322214627393
465,522,45.0,1597.0,12.326236693800105,0.12930241723606314,2.996309859875423,0.9452305207574645,0.6435810411673403
921,68,45.0,1244.0,15.124598070738333,0.12358775617457379,3.0431123314020754,0.9599950566708875,0.643407290364278
557,208,157.5,852.0,20.1760563380258,0.112913820283861,3.130390585626707,0.9875282803859344,0.6430606487911897
702,231,67.5,712.0,23.658707865165216,0.11064766158706194,3.1492914959916174,0.9934908537453391,0.6430455832040832
652,536,45.0,1534.0,15.480769230768223,0.15598725696283475,2.768733870654901,0.8734382893586222,0.6429680590444348
589,530,45.0,1566.0,14.741379310343884,0.15163557540739211,2.804652680932856,0.8847694124172472,0.6428797557135771
437,181,112.5,795.0,21.3176100628904,0.11132094062016976,3.141921702116262,0.9911659426285135,0.64277334824668
998,51,45.0,1039.0,17.18719923002722,0.11729834471896977,3.090759905621986,0.9750261928013104,0.6426068952542221
386,328,67.5,965.0,19.784974093262196,0.12541053599590726,3.0218852375354546,0.9532986541197348,0.6424691985206936
572,304,112.5,804.0,23.258706467658797,0.12283236994230284,3.0428458012656585,0.959910975774243,0.6423664658270134
781,6,67.5,1082.0,16.746765249536345,0.11902259590131543,3.0738552542298696,0.9696933690327907,0.6422203166164454
550,306,112.5,794.0,21.31612090679832,0.11117314766168303,3.138461813243532,0.9900744692115856,0.6420321972599461
455,44,45.0,1196.0,16.461120401336416,0.1293188386758923,2.985122825144505,0.9417014042244778,0.6418381955984289
534,376,67.5,1057.0,17.062440870386276,0.11846426694703198,3.076025035838186,0.9703778589205102,0.6418243298423962
693,166,112.5,686.0,24.35860058308683,0.10976090383614101,3.1488330822911434,0.993346240323802,0.6418007908236945
600,173,112.5,767.0,21.893741851366112,0.110302811350594,3.1441861206235977,0.9918802871339217,0.6417843332490795
378,56,112.5,1081.0,19.54671600369847,0.1387940094588739,2.9050865846989287,0.9164527814939211,0.6417421107400101
741,519,45.0,1749.0,12.843053173241117,0.14754663688926006,2.8305461498745594,0.8929378924064968,0.6415575340094017
415,288,67.5,862.0,19.750580046401424,0.1118300052549585,3.128311250687443,0.9868723232455231,0.6412996321803383
444,34,45.0,1284.0,14.484034267911644,0.12215909090920232,3.0408919580540292,0.9592946068662279,0.6411680607720059
723,537,90.0,1368.0,15.787646198829256,0.14186481870743434,2.8756343782660405,0.9071616448205021,0.6411568168518016
737,30,90.0,986.0,19.508113590261715,0.1263465580663235,3.0051796391699916,0.9480286245897421,0.6410718075180739
469,156,112.5,1003.0,17.499999999998256,0.11529492905948258,3.097155727880756,0.9770438500821167,0.640966774789188
664,207,112.5,826.0,20.556900726389763,0.11153441933798444,3.127552886492704,0.9866330859782712,0.6407891849901717
703,272,67.5,587.0,28.43696763202241,0.1096459537573153,3.142536843474272,0.9913599981212241,0.640655680839303
578,249,67.5,811.0,21.729346485817292,0.11575472937477187,3.090539917591865,0.9749567943044939,0.6405312024327683
352,231,112.5,889.0,19.181664791898854,0.1120106410931093,3.121759534123284,0.9848054867868758,0.6405050536244561
367,296,112.5,857.0,19.65285880979934,0.11063124014723272,3.1327031788884154,0.9882578223342947,0.640407354800979
696,368,112.5,1021.0,18.21008814887187,0.12212624802953614,3.036238753793618,0.9578266843575582,0.6403906741224967
477,59,90.0,1294.0,15.596986089643305,0.13257028376260127,2.9485549886129565,0.9301655361787321,0.6403693756974956
18,14,112.5,475.0,34.3473684210454,0.10716631634270046,3.1610794559523203,0.9972095410818973,0.6403018349842164
341,264,67.5,866.0,20.340646651267857,0.11570546505527722,3.0887139093468177,0.9743807528384604,0.640178043606996
770,591,45.0,1337.0,13.715407629019166,0.12045126116668929,3.0487824076166143,0.9617837665652725,0.6401545200726317
323,640,112.5,1067.0,16.464386129333036,0.1153934576984744,3.08681333631341,0.9737811888006541,0.6394657203339709
659,296,112.5,860.0,19.401162790695416,0.10959668943782565,3.1349588149025758,0.9889693962715752,0.6393952418217298
345,910,112.5,351.0,46.061253561240434,0.10619745139261297,3.163288157864602,0.9979063089585115,0.6393691697649659
765,587,45.0,1321.0,13.234292202875608,0.11483512874419327,3.090831300236453,0.9750487152945666,0.6393612518630212
654,367,112.5,779.0,21.363928112962597,0.10931752496068273,3.1366590207898555,0.9895057515123165,0.6392943035831444
626,36,45.0,1119.0,16.369526362822487,0.1203198896480327,3.0444003813964216,0.9604013912036475,0.6392896308111325
653,296,67.5,869.0,19.260644418870047,0.1099415396742948,3.1307016126802463,0.9876263984970561,0.6391797095837669
493,115,90.0,367.0,43.87602179835317,0.10577049395698604,3.165446289532784,0.998587123699302,0.6391450469981389
101,542,45.0,1595.0,13.189655172412964,0.1381864161850992,2.8936935341978494,0.9128586742213844,0.6391416872930819
604,304,67.5,849.0,21.905182567724157,0.12215909090919745,3.02680800203533,0.9548516134161332,0.6389465640469522
15,10,67.5,582.0,27.878006872847436,0.10657514450875769,3.1569650017600726,0.9959115752970992,0.6388711949787432
5,69,67.5,848.0,19.569575471695806,0.10900551760387855,3.135666706445338,0.9891927111898904,0.6387252421678075
509,361,67.5,1008.0,17.202380952379244,0.11389910667377459,3.093150722259384,0.9757804114772444,0.6384894761919803
388,312,112.5,767.0,21.456975228158868,0.10810233841312496,3.1413607083243935,0.9909889687910844,0.6384291726011976
40,556,45.0,1486.0,12.192126514131076,0.11900617446148655,3.048951180988221,0.9618370086361513,0.6382704237205441
639,367,67.5,773.0,21.29042690814731,0.10810233841312508,3.138531379631474,0.9900964149635864,0.6379828956874487
969,58,45.0,1181.0,14.64648602878792,0.11361994219663465,3.0919873012291483,0.9754133930052911,0.6379368510970516
58,450,90.0,1285.0,15.741245136185544,0.13286586967957467,2.9303462511976814,0.9244213190735984,0.6378880957014685
704,215,90.0,826.0,20.547820823242063,0.11148515501848887,3.108899150805751,0.980748487548193,0.6377817476823759
491,523,90.0,1333.0,14.596774193547292,0.12780806621136231,2.9717069528205124,0.9374691677148164,0.6377245091657292
886,480,45.0,1254.0,13.610446570971801,0.11210916973210415,3.1031582439073904,0.9789374330608632,0.6377013029469679
899,481,45.0,1321.0,13.151021953064863,0.11411258539159144,3.0858495830812767,0.9734771585060273,0.6376201147749875
754,601,45.0,1485.0,12.08417508417427,0.11787309511308826,3.054251060084475,0.9635089343422303,0.6376082104401808
701,6,67.5,1111.0,16.95769576957543,0.12375197057289118,3.0046042459964415,0.9478471082531448,0.6375504431312606
376,288,112.5,885.0,20.03107344632542,0.11644442984771114,3.0658164660544225,0.9671574137115165,0.6375434454348741
58,66,157.5,678.0,23.72787610619119,0.10567196531800808,3.1560383114964057,0.995619237067253,0.6375308274966185
304,614,22.5,1187.0,19.999999999998312,0.15593799264333616,2.733499634285265,0.8623231253236356,0.6373453389341809
183,44,45.0,912.0,17.976973684208552,0.10769180241733073,3.1378282446637953,0.9898746005776436,0.6373291710548414
629,28,45.0,1337.0,12.993642483170307,0.11411258539159155,3.0836051022078403,0.972769103623841,0.6372660873338944
587,249,112.5,829.0,21.173100120624706,0.11529492905948016,3.0733146825961812,0.9695228376689753,0.6372062685826141
624,328,67.5,974.0,19.59445585215404,0.1253612716764118,2.988792480252753,0.9428590515210472,0.6371842591285934
450,544,45.0,1689.0,13.158673771461624,0.14598660010523307,2.815627294790077,0.8882315176254862,0.6371416403482689
326,551,112.5,1089.0,16.198347107436533,0.11586967945359858,3.0675493161160197,0.9677040670426866,0.6370568276849683
619,328,112.5,978.0,19.585889570550144,0.12582107199170392,2.983961330556666,0.9413349934774378,0.637030185639184
624,7,90.0,1229.0,15.699755899103687,0.1267406726222907,2.975702562117349,0.9387296421093267,0.6369434210199227
249,532,45.0,1415.0,13.20848056537009,0.12276668418298199,3.008781626216495,0.9491649249895512,0.636906589644334
657,314,112.5,869.0,19.047756041424734,0.10872635312673726,3.125667066824824,0.9860381761091033,0.63677885876846
53,544,45.0,1292.0,13.08049535603614,0.11100893326336983,3.106038095079022,0.9798459249558832,0.6367007981562466
20,459,90.0,1225.0,15.265306122447733,0.12283236994230809,3.00684747766918,0.948554769056387,0.6366883624680924
591,288,112.5,832.0,19.68149038461302,0.10756043089867474,3.1347621446515492,0.9889073537150678,0.6366718460428676
153,447,67.5,1250.0,14.411999999998848,0.11833289542837883,3.044265891899949,0.9603589644912139,0.636641181047066
673,257,112.5,828.0,19.92753623188165,0.1083815028902676,3.1270022928635943,0.9864593930269052,0.6365335005780637
580,328,67.5,1008.0,16.92956349206181,0.11209274829227008,3.0955854098737294,0.9765484699055157,0.6364851086717057
479,328,67.5,997.0,18.984453360078337,0.12432672096700499,2.9928246176232047,0.9441310492398,0.6364523580400807
340,523,90.0,1422.0,14.906821378339316,0.1392373883343372,2.867044949106917,0.9044519816091594,0.6363279536324431
440,635,45.0,1534.0,14.049869621902603,0.14156923279046196,2.8473472340199084,0.898238044346276,0.6363041880581501
441,39,45.0,1301.0,13.873943120675335,0.11856279558602523,3.0390652150400026,0.9587183336063886,0.6361248433708514
673,436,90.0,348.0,45.258620689642164,0.10345507094069276,3.164924513976843,0.9984225218378372,0.6360012557078427
946,30,45.0,1162.0,14.268502581754364,0.10890698896489087,3.1185786520080225,0.983802030202315,0.6358996254885111
403,660,90.0,1436.0,14.394150417826292,0.1357724645298149,2.8920662275873577,0.9123453161420131,0.6356932417083194
651,156,112.5,818.0,19.92053789730808,0.10703494482405505,3.1324584206199835,0.9881806096973014,0.6356136677112467
639,625,45.0,1614.0,13.012701363072303,0.1379565160274533,2.8724288036738908,0.9061503986267623,0.6354835717295733
337,516,90.0,1475.0,14.691525423727818,0.14234104046255902,2.8356689234199286,0.8945539475317879,0.6354826364374264
33,8,112.5,686.0,23.279883381920804,0.10490015764591093,3.149388516351773,0.9935214602613011,0.6354614423071221
653,232,22.5,708.0,22.987288135589974,0.10690357330539814,3.130079910777055,0.9874302733827685,0.6350647979732932
634,296,112.5,840.0,19.261904761902468,0.10627955859178988,3.1339826821671117,0.9886614606784556,0.634855309112889
654,390,112.5,898.0,21.219376391979818,0.1251642143984284,2.9750350939390486,0.9385190793427011,0.6347537206683923
372,296,112.5,829.0,19.43606755126424,0.10583617971632953,3.1351803296130796,0.9890392763824304,0.6344579741300664
411,107,22.5,835.0,19.820359281434754,0.1087099316869049,3.1108414734304835,0.9813612221156824,0.6344186690741633
696,517,45.0,1525.0,15.483606557376033,0.15510049921191424,2.7217855033424234,0.8586277284491003,0.6343902929200541
347,157,112.5,844.0,19.940758293836502,0.11054913294807324,3.0934543497116147,0.9758761952740513,0.6341079777829293
706,328,112.5,851.0,19.738542890714484,0.11033565423025916,3.0936526155840114,0.9759387411930576,0.6338569856738204
326,296,112.5,813.0,19.670971709714678,0.10504795060440004,3.137834605772754,0.9898766072840975,0.6338344300967934
646,618,45.0,1580.0,13.371835443037128,0.1387775880190461,2.855062652543049,0.9006719879000289,0.6338300012454838
476,54,90.0,1341.0,15.432513049961564,0.13593667892813285,2.8773262461963087,0.9076953697286618,0.6335853954774984
719,289,67.5,747.0,21.275100401603577,0.10439109301112458,3.1416580749765926,0.9910827775253805,0.6335690073140116
548,361,67.5,998.0,16.71342685370574,0.1095638465581637,3.097405692365261,0.9771227050974218,0.6334284708394844
576,166,112.5,833.0,20.90936374549569,0.11440817130855985,3.0560542264571353,0.9640777699998058,0.6333112490784099
42,549,22.5,1213.0,13.503709810386354,0.10759327377834252,3.113171932096786,0.9820963999717017,0.633309794566361
225,667,90.0,1278.0,15.133020344286766,0.12703625853926453,2.9498907883799523,0.9305869340876377,0.6332628955656185
339,257,112.5,830.0,20.644578313250523,0.11255254860755975,3.071269431216858,0.9688776326946013,0.6332576455986407
103,450,90.0,1300.0,15.638461538460335,0.13353914871268105,2.8951093182638146,0.9133053043673094,0.6332203089493317
447,249,67.5,812.0,19.612068965514826,0.10460457172893986,3.1369268529664334,0.9895902431568997,0.6331050051983848
480,156,112.5,956.0,17.207112970709495,0.10805307409363218,3.106669177259395,0.9800450092181563,0.6328920547219805
282,641,67.5,1240.0,14.7217741935472,0.11990935365223726,3.0067043160209717,0.9485096065846746,0.6328009210620088
649,207,112.5,810.0,19.691358024688927,0.10476878612725841,3.1311343831338925,0.9877629223748922,0.6324084717832363
139,448,67.5,1177.0,14.590059473235803,0.11279887020504163,3.063673486204122,0.9664813788370874,0.6323852091336722
674,304,112.5,835.0,18.997005988021677,0.10419403573314373,3.1355591888511016,0.9891587931652723,0.6323464627629328
437,208,112.5,936.0,19.193376068374018,0.11800446663173848,3.0191825683780213,0.9524460569269927,0.6322504733132401
410,216,112.5,811.0,19.59001233045381,0.10435825013146195,3.1334637190026844,0.9884977460277332,0.6322330661700183
255,662,90.0,1231.0,15.29041429731801,0.12363702049406927,2.971816620224331,0.9375037639288494,0.6322267820860155
690,430,45.0,1146.0,14.197207678881831,0.10687073042574019,3.1119113028825924,0.9816987157319734,0.6321555937527321
46,562,45.0,1245.0,12.989959839356386,0.10623029427229841,3.1170195307867,0.9833101822183363,0.6321145317900783
394,223,67.5,927.0,17.446062567419908,0.1062302942722955,3.115287142187588,0.9827636744623724,0.6318412779120924
697,320,112.5,938.0,17.313432835819047,0.1066736731477558,3.1106810276872197,0.9813106071190529,0.6317009870752426
916,75,45.0,1231.0,13.671811535336014,0.11054913294807733,3.0775753475745202,0.9708669278213923,0.6316033440566051
774,579,45.0,1210.0,13.931818181817029,0.11072976878622763,3.07536713541576,0.9701703144448123,0.631493877041756
520,216,112.5,803.0,19.604607721043635,0.10340580662121403,3.1357142589859905,0.9892077123462683,0.6313287128693239
675,314,112.5,850.0,18.694117647056622,0.10437467157129439,3.127080701452807,0.9864841281828399,0.6312479699451579
716,156,112.5,788.0,19.942893401012697,0.10322517078306334,3.136632916240105,0.989497516443746,0.6312347752446215
420,272,67.5,848.0,18.60849056603554,0.10365212821869259,3.132678516957827,0.9882500423614003,0.631175568340674
467,621,67.5,1351.0,15.122131754254987,0.1341960063059558,2.8742146722661883,0.9067137774421868,0.6307930533901929
674,166,112.5,796.0,19.67336683416838,0.10286389910676257,3.136827630853039,0.9895589420651233,0.6307878087084282
309,640,67.5,1225.0,14.487755102039634,0.11657580136636968,3.021522653870821,0.9531842717086468,0.6307305760141285
43,569,45.0,1278.0,12.699530516430931,0.10660798738843139,3.1040646686439817,0.9792233782287076,0.6305705218397317
464,312,112.5,767.0,20.224902216425,0.10189503415668241,3.1435270837980207,0.9916723841629438,0.6305634805997905
647,627,45.0,1517.0,13.566249176004378,0.13518129269586845,2.8640199675720486,0.9034977061819831,0.6304877796152253
50,531,45.0,1498.0,12.551735647529203,0.12350564897541619,2.9613850727901694,0.9342129771028471,0.6304076870923323
119,69,67.5,907.0,17.508269018741178,0.10430898581196775,3.122110777323097,0.9849162916796265,0.63037720090321
314,20,22.5,1203.0,14.679966749790964,0.11600105097225442,3.024028397973409,0.9539747459632261,0.6303658687259237
385,390,112.5,841.0,20.906658739593233,0.11549198633746266,3.0277080796511964,0.95513555629032,0.6302731802643132
70,501,45.0,1319.0,13.269522365427347,0.11496650026284812,3.0319713913176543,0.9564804813798785,0.6302508364863615
486,106,112.5,792.0,19.73484848484599,0.1026668418287802,3.134659505313981,0.9888749746090884,0.6301852726093841
670,114,112.5,752.0,21.788563829784337,0.1076261166580008,3.0913540339647048,0.9752136194257409,0.6299118296885446
333,224,112.5,921.0,18.93865363734865,0.11457238570687976,3.0323977714571764,0.9566149893380566,0.6297969857233925
372,156,67.5,912.0,17.49451754385773,0.10480162900692357,3.113516256662248,0.9822050222783195,0.629672947130123
652,166,67.5,697.0,21.99067431850473,0.10067984760912356,3.146666518196259,0.9926627654485609,0.6294519316212669
413,223,112.5,894.0,17.6957494407139,0.10391487125600295,3.1193559321251865,0.9840472347787039,0.6294215677106954
531,289,67.5,1092.0,15.524267399265979,0.11135378349983731,3.0556595902833026,0.9639532761478524,0.6292104404015256
348,257,67.5,866.0,19.249422632792232,0.10949816079883458,3.0709928103773634,0.9687903685355538,0.6291754517682059
380,239,112.5,812.0,20.39408866994823,0.10877561744623197,3.0770305152134267,0.9706950523477311,0.6291724349805294
378,173,112.5,774.0,19.93540051679329,0.10135312664223123,3.13783700571822,0.9898773643825981,0.6289494516892948
633,361,67.5,952.0,16.817226890754533,0.10516290068322495,3.10583350867471,0.9797813851310548,0.6289388079033734
477,500,45.0,1484.0,13.898247978435721,0.13547687861284177,2.8498624272724205,0.899031499475772,0.6286455048186594
363,376,67.5,945.0,16.84391534391356,0.10455530740944609,3.108960818996304,0.9807679416963273,0.6286287163753443
401,231,112.5,822.0,19.78710462286864,0.1068378875460728,3.088093437002083,0.9741850156066796,0.6283553182949093
700,31,67.5,1073.0,16.132339235786006,0.11370204939579295,3.029642934405787,0.9557459350070753,0.62821168558587
64,50,45.0,965.0,15.940414507770369,0.1010411192854285,3.135465471288944,0.9891292285660735,0.6281628425269106
466,166,112.5,806.0,19.131513647640304,0.1012874408829043,3.1332065886485814,0.9884166304322582,0.6281322339237834
715,282,67.5,585.0,26.098290598286138,0.10028573305315623,3.141595181286897,0.9910629367753102,0.6281309125425848
365,328,67.5,997.0,17.622868605815686,0.11540987913830553,3.014709062641988,0.9510348229911745,0.6281142501268155
398,239,112.5,778.0,19.61439588688694,0.1002364687336649,3.1414113636708483,0.9910049487737124,0.6280367804490348
667,488,22.5,1529.0,15.04905166775572,0.1511429322124361,2.7144159229459524,0.8563028846773653,0.6279951109160695
638,156,67.5,916.0,17.10152838427761,0.10289674198642801,3.11842662472576,0.983754070934448,0.6279287985382639
676,288,112.5,695.0,21.820143884888946,0.09961245402005274,3.1450613541472894,0.9921563925696318,0.6277874198387418
546,296,112.5,823.0,18.61786148237927,0.10064700472946207,3.135607286316968,0.9891739662264157,0.6276641066150261
194,444,67.5,1252.0,13.55031948881681,0.1114358906989979,3.045010756258733,0.9605939430343798,0.6276393373327187
670,510,45.0,1537.0,12.565061808717465,0.12685562270111575,2.9144509044165647,0.9194068954598272,0.6274340365782746
367,164,112.5,687.0,22.951237263460996,0.10357002101953043,3.1096418037512237,0.980982768468131,0.6274333679061078
74,492,45.0,1417.0,12.912844036696335,0.12018851812938004,2.9700796847878377,0.9369558218053913,0.627393144531323
407,231,67.5,829.0,19.58082026537761,0.10662440882825873,3.0837704631902523,0.9728212692057826,0.6273911800258488
399,656,67.5,859.0,17.64551804423543,0.09956318970055991,3.1413176604541824,0.9909753887000123,0.627131779811179
497,231,112.5,892.0,19.16479820627588,0.11228980557025096,3.0343922105576295,0.9572441648231377,0.6270935085015414
562,344,67.5,1061.0,16.972196041468713,0.11828363110888158,2.98389658211039,0.9413145676168113,0.6270538445171058
333,555,112.5,1153.0,18.792281006069487,0.14232461902272445,2.782164781587152,0.877675270020985,0.6270215849844358
421,257,67.5,919.0,17.09738846572175,0.10320874934323333,3.109516103417004,0.9809431144276846,0.6269358615390076
345,208,67.5,829.0,19.677322074786527,0.10714989490287823,3.0735694022772817,0.9696031927817886,0.6264769481365894
406,656,67.5,1323.0,13.692365835221942,0.11898975302165371,2.9730695690721243,0.9378990252827375,0.6262797193462504
315,11,22.5,1086.0,14.316298342540117,0.10212493431433235,3.1132434398833655,0.9821189581667842,0.6260907453679135
414,272,67.5,808.0,18.712871287126397,0.09931686810308131,3.1364520712855555,0.9894404662124412,0.6260386281036092
680,506,45.0,1537.0,12.548796356537895,0.12669140830279715,2.906906719168888,0.9170269699902203,0.6260269468676156
647,328,112.5,929.0,19.017761033367165,0.11605031529174716,2.9959859381970153,0.9451283348450974,0.6260078012596122
474,353,112.5,947.0,18.666842661032874,0.11611600105107482,2.9929564023854542,0.9441726227035853,0.6256167959791987
577,274,112.5,789.0,21.283269961974487,0.11030281135059442,3.040193138454803,0.9590741538274625,0.6253812665958505
670,314,112.5,886.0,17.24040632053981,0.10033499737265761,3.123655102221457,0.9854034719434048,0.6253663182193964
326,224,67.5,930.0,18.241935483869003,0.11143589069899479,3.030119755234654,0.9558963552311027,0.625290543431076
168,440,90.0,1352.0,13.300665680472386,0.11811941671056533,2.973859001506616,0.9381480634884148,0.6252534654770552
498,314,67.5,887.0,17.122322435172816,0.09976024697854258,3.1261525122250484,0.9861913170824712,0.6250002963734355
273,636,67.5,1160.0,14.44827586206772,0.11008933263278471,3.0374767858803775,0.9582172399972648,0.6246705446121454
505,183,112.5,793.0,21.037200504410965,0.1095802679979927,3.0416635413174866,0.9595380142853641,0.6246578381310373
632,367,112.5,771.0,19.367704280153127,0.0980852601156913,3.13789882650773,0.9898968666703439,0.6246383760136438
620,353,112.5,966.0,18.597308488610913,0.11800446663173889,2.9696368475715555,0.9368161222175206,0.6244355059585047
494,296,112.5,869.0,19.565592635210635,0.11168221229647185,3.0218029395288357,0.953272691989217,0.6243044022739154
589,256,112.5,914.0,17.680525164111852,0.10614818707313604,3.0669353963936654,0.9675103969331178,0.6241060756595371
636,641,45.0,1483.0,13.406945380983586,0.13059971098277945,2.861034217792575,0.9025558069956885,0.6239589873957098
658,264,67.5,636.0,22.987421383644183,0.09603258013670635,3.1506365283155877,0.993915164201693,0.6239334375811215
597,215,67.5,920.0,16.684782608693837,0.10082764056761381,3.1099385835895963,0.9810763920832758,0.6238541592168989
547,231,67.5,799.0,18.563829787231718,0.0974284025224174,3.1373829680535996,0.989734131446673,0.623688500498387
99,25,67.5,764.0,19.31937172774616,0.09695218076729294,3.1400933103395205,0.990589149241948,0.623486341166043
711,26,112.5,1039.0,15.324831568814695,0.10458815028911082,3.076065776588901,0.9703907111964146,0.6234835265205604
521,223,112.5,861.0,17.412891986060696,0.09847937467165725,3.1264934590990605,0.986298873846072,0.6233604843435627
521,264,67.5,891.0,18.94219977553098,0.11086114030487922,3.0215534952798233,0.9531940010899375,0.6231794219449986
536,231,67.5,793.0,18.571878940729057,0.09673870204947925,3.139528570817618,0.9904109937582547,0.6231149983555848
667,224,112.5,909.0,17.150715071505267,0.10240409879147216,3.0914937272959198,0.9752576877652608,0.6230292260261038
678,114,67.5,780.0,19.211538461535998,0.09843011035216048,3.1234947541573583,0.9853528877611212,0.6228223532083291
671,281,112.5,868.0,17.64400921658783,0.10059774040996715,3.1046526108307493,0.9794088533382134,0.6227164120781692
560,306,67.5,806.0,18.200992555829007,0.0963610089333467,3.1398101657058577,0.990499827054977,0.6226600229594786
91,452,67.5,1116.0,14.06810035842168,0.10312664214407603,3.082756318087121,0.9725013420457804,0.6226064118601304
55,538,22.5,1268.0,12.12933753943122,0.10102469784559914,3.0997649946618586,0.9778669821057183,0.6225100065991507
70,448,90.0,1366.0,12.898975109808719,0.11573830793494584,2.9748542155137794,0.9384620185525602,0.6222621018592236
170,62,90.0,446.0,31.844170403580303,0.09329019968477979,3.1627748701664236,0.99774438471805,0.6222220273425055
219,433,90.0,1328.0,12.966867469878542,0.11311087756184808,2.996173308877905,0.9451874437138574,0.6221507828261842
564,231,112.5,724.0,20.980662983422516,0.0997766684183719,3.107749538506095,0.9803858252457306,0.6221192631526473
340,390,112.5,912.0,18.44846491227868,0.11051629006841049,3.017017884393174,0.9517631751604326,0.6220080423309502
654,910,90.0,469.0,30.373134328351732,0.0935693641619224,3.1590358888046155,0.9965648674234432,0.6220013845541577
112,444,90.0,1271.0,13.459874114869121,0.11237191276941401,3.0010831145752306,0.946736314963206,0.6219481470595083
154,441,90.0,1337.0,13.193717277485923,0.11586967945360051,2.9710809473861133,0.9372716849875866,0.6218406366574208
124,561,90.0,1270.0,14.966535433069687,0.12485220704162717,2.8954236086409173,0.913404451942397,0.6217838657141203
174,445,90.0,1365.0,12.994505494504542,0.1165101156070432,2.9650535258575457,0.9353702451977413,0.6217367119683348
8,12,67.5,609.0,23.382594417073335,0.09353652128226327,3.1567868698708996,0.9958553809426295,0.6216032159185858
503,231,112.5,877.0,18.799885974912335,0.10829939569110905,3.0318982053520247,0.9564573937782486,0.6214239374658086
162,446,90.0,1375.0,12.854545454544517,0.11609957961124677,2.9664964720285814,0.9358254440337954,0.6214214939467233
722,625,45.0,1329.0,12.62979683972817,0.11025354703110453,3.015471352156251,0.9512752985588666,0.6214167008688034
665,314,112.5,882.0,16.774376417231657,0.09718208092494067,3.124730426230598,0.9857426988994532,0.6213670937609954
353,314,112.5,762.0,19.015748031493565,0.09517866526545218,3.1412931563911095,0.9909676585287743,0.621330624470217
377,296,67.5,857.0,17.09743290548225,0.0962460588545244,3.131583266715312,0.987904529378596,0.6212103852381903
83,447,90.0,1330.0,13.116541353382473,0.11458880714671545,2.9775528156248297,0.9393133321040867,0.6211678698039982
439,282,67.5,779.0,20.292041078302915,0.10383276405684197,3.067401763680439,0.9676575194317769,0.6211181465493019
351,216,112.5,751.0,19.15778961384565,0.09450538623234582,3.1451557453792742,0.9921861696879996,0.621049659448822
368,280,67.5,755.0,19.06953642383853,0.0945710719916733,3.1436764825062666,0.9917195142080325,0.6209031824991806
3,49,90.0,736.0,19.77581521738862,0.09560562270108008,3.1349048749841137,0.9889523801218438,0.6208875154039755
625,62,22.5,1150.0,14.115217391303121,0.10662440882826234,3.0396591644834614,0.9589057037943862,0.6204333973201555
109,450,90.0,1341.0,13.059284116330122,0.11503218602217571,2.968834176631268,0.9365629077282436,0.6203789004508864
133,448,90.0,1330.0,13.172932330826077,0.11508145034167121,2.9677601934836106,0.9362241037668977,0.6202746365629701
363,208,112.5,842.0,18.646080760092797,0.10312664214407304,3.067681487993175,0.967745762627628,0.6202286221510502
200,443,90.0,1462.0,12.701778385772043,0.12197845507105301,2.909109078412024,0.9177217369774942,0.6201427861541996
506,166,67.5,783.0,18.400383141760102,0.09463675775100121,3.137107579707408,0.9896472560959733,0.6199539042334938
24,453,90.0,1211.0,13.1895127993383,0.10491657908574943,3.05061574713833,0.9623621207915972,0.6199034852698645
578,198,112.5,695.0,21.312949640284703,0.09729703100376072,3.1099340435470437,0.9810749598593111,0.6191852131240193
361,216,112.5,738.0,19.247967479672184,0.0933066211246199,3.1430494748117574,0.9915217153029405,0.6191324053325472
301,635,67.5,1191.0,13.591519731317078,0.10632882291128917,3.0333732105283775,0.9569227061044651,0.6190510699186553
641,184,22.5,856.0,16.950934579437273,0.09531003678410845,3.1248564735132947,0.9857824623899581,0.6189117279814951
321,29,22.5,1181.0,14.165961049956461,0.10989227535480257,3.002023798964692,0.9470330678482219,0.6188179061665976
633,353,67.5,927.0,18.53559870549962,0.11286455596436652,2.9767283960945927,0.9390532566985607,0.6187579988547477
33,452,90.0,1275.0,12.73529411764606,0.10665725170792696,3.0284245919164716,0.9553615907438006,0.6187047661900349
315,640,67.5,1144.0,13.745629370628167,0.10329085654239484,3.05652231577329,0.9642254357382511,0.6186855856822215
404,239,112.5,782.0,18.101023017900495,0.09297819232798345,3.142170461948553,0.9912444176183567,0.6185595025385453
26,754,157.5,507.0,27.529585798811137,0.09168089858126029,3.15284149231295,0.994610752897438,0.6185273670688194
261,909,67.5,379.0,36.39841688653393,0.0906135049921835,3.161507977451114,0.9973447245637141,0.618483027558889
595,385,22.5,1103.0,13.898458748865465,0.10069626904896073,3.0755276641447193,0.970220955620514,0.6182527394048359
657,216,112.5,709.0,19.8342736248209,0.0923705990542035,3.1447777113412014,0.9920669132267581,0.6181673805320792
489,241,112.5,815.0,19.622699386500656,0.10504795060440006,3.0383706132705757,0.9584992111447812,0.6181457320271353
162,541,45.0,1349.0,13.737954040028633,0.12173213347357444,2.8972774396710137,0.913989270519888,0.6179508624616123
411,112,157.5,688.0,20.73401162790396,0.09370073568058358,3.1313480583714717,0.9878303294073872,0.6178078171268224
355,296,67.5,825.0,17.160606060603982,0.09299461376781595,3.1350714882018624,0.9890049407400519,0.6174614767969793
684,200,112.5,593.0,23.216694772340094,0.09043286915404167,3.1564299565893537,0.9957427873382436,0.617443219272724
332,216,112.5,759.0,18.402503293805214,0.0917465843405937,3.1438180320131814,0.9917641681057905,0.6171909254633456
754,640,45.0,1259.0,12.789912629069674,0.10577049395700644,3.0262035056401206,0.954660916035301,0.6171819431661654
470,60,90.0,1245.0,13.293172690761985,0.10870993168690918,3.001170904247542,0.9467640095213649,0.6171200627770103
353,257,67.5,811.0,18.62207151664382,0.09920191802425833,3.080362122461511,0.9717460574177464,0.6170394348231631
359,173,67.5,819.0,17.23137973137763,0.09269902785084241,3.134566214759317,0.9888455447157561,0.6169909502282914
452,304,67.5,775.0,18.016129032255737,0.09171374146093024,3.1426512902133728,0.9913961020476733,0.6169634670391163
278,636,90.0,1264.0,13.380142405062232,0.11109104046252892,2.9793193505142685,0.939870611815321,0.6168217050738929
717,538,90.0,1231.0,13.474817221769822,0.10895625328438698,2.996652927153819,0.9453387464341729,0.6167331216971974
340,208,67.5,812.0,18.805418719209506,0.10030215449299287,3.068974915757339,0.9681537936578812,0.6166980536814621
366,257,112.5,820.0,17.262195121949112,0.09297819232798402,3.1286218389270175,0.9869703029262518,0.6164224451924936
704,36,90.0,1031.0,14.975751697379728,0.1014188124015619,3.057426075632758,0.9645105402309623,0.6163528904038234
348,390,112.5,876.0,18.167808219176006,0.10453888596961336,3.0308707030365234,0.9561332528868919,0.6162896592730399
519,296,67.5,783.0,19.60727969348408,0.10084406200744374,3.061412050051611,0.9657679751598769,0.6162216634527824
207,442,90.0,1379.0,13.045685279186872,0.11816868103006112,2.9149315392544137,0.9195585188697283,0.6160238312604688
700,166,112.5,706.0,19.53257790367995,0.09058066211253084,3.145800524860083,0.9923895749674668,0.6159620273656088
415,432,22.5,832.0,17.65624999999788,0.09649238045200197,3.0960627024301486,0.9766990389430171,0.6159333304841836
345,384,112.5,823.0,19.255771567433868,0.1040955070941524,3.0323155328721216,0.9565890459529554,0.6159313129712608
677,272,67.5,680.0,20.132352941173508,0.08992380451925602,3.1501368170978665,0.9937575228639663,0.6157774934104361
59,511,45.0,1430.0,12.026223776222933,0.11296308460336192,2.9561634205492027,0.9325657292220326,0.6156445113020026
340,216,67.5,723.0,19.02835408021867,0.090367183394717,3.1453904963145978,0.9922602253628867,0.6156150874947071
38,583,22.5,1177.0,12.102803738316728,0.09356936416193438,3.118335858492397,0.9837254373758236,0.6155816695303638
550,223,112.5,825.0,17.778787878785725,0.09634458749351513,3.0950334088700617,0.9763743329769081,0.615575563222859
466,239,112.5,777.0,19.675032175029642,0.10041710457181534,3.0607254078100823,0.9655513636497571,0.6155488275604982
502,304,112.5,841.0,16.56064209274476,0.09148384130328514,3.1354058929480484,0.9891104336921038,0.6155166550951352
419,282,112.5,758.0,18.17941952506356,0.0905149763532043,3.143269685146908,0.9915911839291858,0.6154759810561273
589,200,112.5,745.0,18.39261744966196,0.09000591171841647,3.1465244268383676,0.9926179406158513,0.6153162657743079
483,524,90.0,1335.0,13.029962546815504,0.1142603783500783,2.9425809749435823,0.9282809446926067,0.6152174221465472
625,320,67.5,999.0,14.717217217215742,0.09657448765116317,3.0901745207680578,0.9748415244404935,0.615113136720852
28,766,45.0,443.0,30.3047404063137,0.08818313189707214,3.159569101628788,0.9967330773413213,0.6149637247050366
328,4,22.5,1210.0,12.301652892560966,0.09777325275889061,3.0790113263363015,0.9713199286845445,0.6149373657666248
268,636,67.5,1090.0,13.678899082567552,0.09793746715720829,3.077135010457824,0.9707280169271295,0.6148585368637716
213,434,90.0,1373.0,12.944282592861404,0.11674001576468931,2.918454041151868,0.920669744496786,0.6146904393840549
64,449,90.0,1348.0,12.885756676556905,0.11409616395175975,2.9397077593298664,0.927374546083047,0.6145470958659119
641,353,112.5,928.0,18.173491379308384,0.1107790331057204,2.9671199679596008,0.9360221351008507,0.6144849254625282
475,892,90.0,298.0,44.45469798656226,0.08701720966900071,3.165220828027077,0.9985159985131842,0.6143135837623817
356,909,90.0,349.0,38.03008595987449,0.08718142406732356,3.163581189181064,0.9979987500466534,0.6142720865049773
38,457,90.0,1219.0,12.94708777686522,0.10366854965852818,3.0243634488407376,0.9540804427438049,0.6141124812294667
632,345,112.5,978.0,14.790388548055748,0.09501445086713638,3.0968899226347872,0.9769599978629482,0.6141096671614521
722,284,45.0,670.0,20.003731343280595,0.08803533893859214,3.155306758668616,0.9953884578445721,0.6140960006784009
75,453,90.0,1366.0,12.769033674962461,0.11457238570688381,2.932485975105521,0.9250963268125407,0.6140376544606398
692,241,112.5,612.0,21.854575163395126,0.08785470310044047,3.155848355783922,0.9955593127118196,0.6139425884385821
368,239,67.5,736.0,18.39673913043228,0.08893851812934553,3.145727117571812,0.9923664175463173,0.6137791788964801
372,198,67.5,775.0,18.71935483870726,0.09529361534427541,3.0922740093238597,0.9755038393390628,0.6137507037584604
667,390,67.5,896.0,18.264508928569388,0.10749474513934822,2.989824838644472,0.9431847243338897,0.6137236805619376
490,166,112.5,832.0,18.725961538459288,0.10233841303214367,3.032634469219843,0.9566896591685916,0.6136583609374255
542,231,112.5,825.0,16.578787878785867,0.08984169732009906,3.136196309657455,0.9893597824019463,0.6134700596915015
306,45,45.0,1224.0,12.55106209150224,0.10090974776677583,3.040312835096848,0.9591119139138967,0.6129804836201407
248,663,90.0,1356.0,12.656710914453344,0.11273318444571548,2.9395228934254165,0.9273162273832779,0.612715782616427
529,168,22.5,977.0,14.38843398157478,0.09233775617454332,3.1099122469868217,0.9810680838101266,0.612624540428597
654,241,67.5,607.0,21.79159802306066,0.08688583815036072,3.1550327117323373,0.9953020056615856,0.6125328857559176
710,273,112.5,768.0,17.72135416666436,0.08939831844463808,3.13391909756715,0.988641401970463,0.612524626640949
373,173,67.5,790.0,17.151898734175045,0.0890042038886738,3.1369325597121973,0.9895920434347489,0.6124788426310392
9,49,112.5,621.0,21.78743961352306,0.08887283237001585,3.136629261743655,0.9894963635784734,0.612257301122213
338,164,67.5,747.0,18.925702811242445,0.09286324224915989,3.1020632154142955,0.9785919900322122,0.6120812998623735
387,216,112.5,803.0,16.783935242837263,0.08852798213355008,3.138061301707431,0.9899481218891981,0.6120272136282832
363,390,112.5,869.0,17.966052934405297,0.10255189174995834,3.019485879028798,0.9525417407840676,0.6118666668137764
65,512,45.0,1277.0,12.317932654658394,0.10332369942205952,3.0128621275275282,0.9504521798328602,0.6118423831246984
712,537,67.5,1003.0,19.648554336987072,0.12945021019454506,2.7936080702847987,0.8812852256800114,0.6118038079068773
326,11,22.5,1227.0,12.135289323552392,0.09780609563855444,3.057385237277422,0.964497657164228,0.6115696554016378
468,616,90.0,1334.0,13.02473763118343,0.1141290068314234,2.920554056072958,0.9213322254451158,0.6115693609421173
379,431,22.5,896.0,16.07142857142678,0.09458749343150716,3.080508134847232,0.9717921191970171,0.6109611976912612
45,545,22.5,1405.0,12.620996441280239,0.11647727272737973,2.8968311844283514,0.9138484926647465,0.6109324103066667
459,353,112.5,933.0,16.755091103963906,0.10268326326861403,3.01182327024861,0.9501244568493683,0.6108317264271121
355,208,112.5,817.0,17.475520195836296,0.09378284287974506,3.0856726674082284,0.9734213478250278,0.6107118898235734
696,47,90.0,1164.0,12.972508591064177,0.09918549658443017,3.0402511432831414,0.9590924523134872,0.6106909195734528
696,231,67.5,601.0,21.584858569047988,0.08521085128751105,3.1554685598779386,0.995439500443135,0.6103869379929664
628,164,22.5,942.0,14.315286624202303,0.08857724645304729,3.1264057780094454,0.9862712135419399,0.6102538975474129
645,296,67.5,809.0,16.412237330035055,0.08721426694700148,3.1364362491378506,0.9894354748805653,0.6100338743171231
365,384,112.5,847.0,18.054899645806604,0.10044994745148011,3.025285547531807,0.9543713324937672,0.6100022373776757
342,528,90.0,1334.0,12.80734632683562,0.11222411981092768,2.9264396995200705,0.9231889392299639,0.6099790449146179
38,452,90.0,1265.0,12.701581027666979,0.10554059379936044,2.9805324120928627,0.9402532901367456,0.60967415245069
652,4,90.0,1198.0,13.138564273788553,0.10338938518138642,2.998553720184838,0.9459383798734983,0.6096723339353589
688,6,90.0,1159.0,13.518119068161042,0.1029131634262622,3.00210704917953,0.9470593303669881,0.6096031409521225
626,353,112.5,965.0,16.784974093262505,0.10639450867061451,2.972324152315639,0.9376638724774986,0.6095085038955115
675,7,90.0,1184.0,13.293918918917797,0.10338938518138632,2.9964759112207786,0.9452829041246672,0.6093445960609433
556,334,22.5,978.0,14.3507157464198,0.09218996321605662,3.0900439247799705,0.9748003259932029,0.6092952472418652
672,36,90.0,1230.0,12.882113821137162,0.10407908565432471,2.9895430331731316,0.9430958246055956,0.6091629896000009
227,440,90.0,1323.0,13.00831443688488,0.1130451918025206,2.9140532844933085,0.9192814603397297,0.609110940348778
326,249,67.5,774.0,18.70155038759448,0.09508013662646121,3.0634032556728363,0.9663961305958314,0.6089145843182324
379,304,112.5,779.0,18.533376123232536,0.09483381502898344,3.064326070456544,0.9666872462478698,0.6087344516804687
412,390,67.5,827.0,17.83252720676931,0.09687007356813465,3.0466528587383133,0.9611119686907702,0.6086391874025276
328,157,67.5,821.0,16.878806333737284,0.09102404098799283,3.0947398637974857,0.9762817298167568,0.6084943476250659
491,173,112.5,806.0,18.064516129030018,0.09563846558074493,3.0560306031147233,0.9640703176650025,0.6084899095707273
400,390,67.5,868.0,17.609447004606263,0.10040068313198482,3.0160589942608236,0.9514606790029795,0.6084817725395256
718,359,22.5,1122.0,13.141711229945352,0.09685365212830585,3.0456817605851523,0.9608056213315365,0.6084643010253292
123,448,90.0,1256.0,15.189092356686688,0.1253120073569191,2.807036544229863,0.8855214375585115,0.6084503140545727
61,454,90.0,1232.0,13.305600649349568,0.10767538097750196,2.954761993697431,0.9321236282729143,0.6084319722048953
382,384,112.5,851.0,17.876028202113055,0.09992446137686067,3.0195847209642244,0.9525729219430483,0.6084082257795789
394,216,67.5,787.0,16.56607369758366,0.08563780872314272,3.1390287332384683,0.9902533125579356,0.6083583741875953
60,56,45.0,933.0,13.90675241157407,0.08522727272734795,3.1419459585288863,0.9911735946747334,0.6082756978063578
465,654,90.0,1415.0,12.643109540635148,0.11751182343678694,2.8709913532243,0.9056969334977965,0.6082245306710813
437,239,67.5,793.0,16.29571248423502,0.08488242249087731,3.144102568421583,0.9918539293488079,0.6081598984940965
662,8,90.0,1117.0,13.616830796775863,0.09990803993703165,3.017272457381276,0.9518434839967572,0.6080217941088515
414,282,112.5,781.0,16.558898847629123,0.0849481082502046,3.1414070263364233,0.9910035804970423,0.6078215748585556
374,384,67.5,853.0,17.787221570924057,0.09966171833955098,3.0179044133990254,0.9520428439240305,0.6077957836087012
380,216,112.5,756.0,17.05687830687605,0.08470178665272636,3.142912594460222,0.9914785343597088,0.6077333613261052
632,314,67.5,904.0,14.745575221237308,0.08755911718347163,3.117771653740367,0.9835474505932426,0.6075458288227598
599,195,22.5,892.0,14.599215246635133,0.08553928008415286,3.1345980433782192,0.9888555855270963,0.6075292344866641
492,891,90.0,340.0,36.74999999998919,0.0820743562796157,3.1636060110411046,0.998006580471673,0.6075233527683822
478,241,67.5,842.0,17.862232779095265,0.09879138202846231,3.022689777716682,0.9535524582888748,0.6073998178190891
719,215,67.5,751.0,17.420106524631496,0.08593339464011564,3.130251787127194,0.9874844943343875,0.6073647936323604
395,390,112.5,813.0,18.016605166049445,0.09621321597486009,3.044014751199722,0.9602797384211611,0.6073545643643009
334,511,90.0,1394.0,12.688307030128215,0.1161816868104062,2.876331453006583,0.9073815474176378,0.6073081091265724
466,249,112.5,926.0,16.560475161985252,0.10072911192862273,3.0055845072024105,0.9481563462337037,0.6072638601065996
373,390,112.5,842.0,17.773159144891,0.09829873883350655,3.025522252159511,0.9544460044899808,0.6071952099920758
519,305,90.0,1043.0,13.748801534035115,0.09419337887554403,3.0593063503488453,0.9651037008625959,0.6070958837819994
464,288,67.5,892.0,16.563901345289622,0.09705070940628593,3.03516027570603,0.9574864624005414,0.6070652739308553
711,296,112.5,652.0,19.302147239260844,0.08266552811357414,3.152899247921995,0.9946289727635291,0.6066162060274052
603,241,112.5,714.0,18.634453781509997,0.08739490278515048,3.113219977853931,0.9821115567205594,0.6066107549105593
13,892,22.5,310.0,39.96774193547098,0.08138465580667545,3.1628430225327926,0.9977658843959093,0.6064910714319045
726,189,22.5,739.0,17.094046008116763,0.08297753547038093,3.1492834743581155,0.9934883232017147,0.6064584225006253
636,390,67.5,874.0,17.906178489700466,0.10279821334743627,2.9822289723115776,0.9407884952971023,0.606315734534077
341,288,67.5,893.0,14.65005599103979,0.08593339464011747,3.123242870619918,0.985273427352018,0.606259260141178
27,7,67.5,648.0,19.22067901234271,0.08181161324231745,3.157017248959736,0.9959280574535034,0.6061366880979439
1015,133,45.0,1057.0,12.287133396403757,0.08530937992650833,3.126252697245304,0.986222921937542,0.6059089249256913
352,164,67.5,714.0,18.641456582630443,0.0874277456648142,3.1071293285248656,0.9801901707804208,0.6056934873356611
385,305,90.0,1024.0,13.51562499999868,0.09090909090917201,3.0778290093633807,0.9709469492063604,0.6056749684367718
521,183,67.5,814.0,15.681818181816254,0.0838478717814705,3.137015950471757,0.9896183502904387,0.6056742090170227
380,313,90.0,1062.0,13.288606403011933,0.092699027850845,3.062560011752867,0.966130116756518,0.6056332362486758
592,524,45.0,1452.0,12.3433195592278,0.11772530215460132,2.852722788858506,0.899933843091089,0.60562525053634
48,451,90.0,1264.0,13.17642405063187,0.10939963215984741,2.9219151063731372,0.9217615890103613,0.6055307858201017
452,231,67.5,890.0,16.410112359548716,0.0959340514977195,3.0334213183707175,0.9569378824390212,0.605314520514278
167,445,90.0,1363.0,13.01357300073272,0.11651011560704319,2.860542173923495,0.902400584437156,0.6052518815880421
394,164,112.5,737.0,18.36160108547919,0.08888925380984997,3.09036648082981,0.9749020810977221,0.6049818725794259
493,200,112.5,766.0,16.45561357702135,0.0827968996322309,3.1412223007344475,0.9909453060577759,0.6049480742552155
237,665,90.0,1274.0,12.509811616953492,0.10468667892810384,2.9575530370840157,0.9330041044309668,0.6049204993233522
726,194,22.5,730.0,16.996575342463426,0.08149960588551357,3.1516383684323563,0.9942312095706884,0.6048757229024129
97,446,90.0,1323.0,12.974300831442706,0.11274960588554711,2.8893717276216946,0.9114952960423459,0.6048270296435463
360,353,112.5,912.0,16.452850877191178,0.09856148187081719,3.0071231017077635,0.9486417187597579,0.6046404702883342
529,253,22.5,896.0,14.241071428569837,0.08381502890180773,3.1294943143048464,0.987245538263817,0.6044443776085421
312,28,22.5,1169.0,12.467921300255561,0.09573699421973975,3.0279871645033736,0.9552235977588247,0.6041968258031566
578,181,112.5,715.0,18.506993006990417,0.08691868103002659,3.099418688596659,0.97775773470553,0.6038041756730638
654,288,67.5,570.0,21.75438596490846,0.08145034156601484,3.1447849484957984,0.9920691962948414,0.6037295781717286
80,452,90.0,1398.0,12.637696709584217,0.11605031529175136,2.854622970177963,0.9005332835569021,0.6037102756155202
399,328,112.5,950.0,15.089473684208937,0.09416053599587941,3.037864726421143,0.9583396216121575,0.6036704187616079
615,390,112.5,851.0,17.75851938895208,0.09926760378358632,2.995049124387254,0.9448328029920299,0.6036696584006478
698,208,67.5,680.0,18.588235294114913,0.08302679978987555,3.130270763662586,0.9874904807647866,0.6035246393749167
391,23,67.5,1155.0,12.110389610388559,0.09187795585925271,3.0559786167251293,0.9640539177850148,0.6035095018836477
114,449,90.0,1359.0,12.862398822662776,0.11481870730436164,2.8625067983430452,0.9030203544375996,0.6033253587369525
436,216,67.5,858.0,14.737762237760519,0.0830596426695418,3.12845724634927,0.9869183797489927,0.6032820142621942
550,282,67.5,884.0,14.326923076921455,0.08319101418819695,3.1272413643913355,0.9865348116969469,0.603263931816856
376,166,112.5,662.0,18.42900302114525,0.08013662637946815,3.1524870575947843,0.9944989411927432,0.6032074348138383
861,910,67.5,333.0,36.0135135135027,0.07877364687341219,3.1636590553817188,0.9980233140980489,0.6031674673668753
334,390,112.5,902.0,16.29157427937735,0.09652522333166656,3.0146556607285326,0.9510179765631263,0.6031362246894104
394,312,67.5,762.0,16.233595800522803,0.08125328428803615,3.142670572901611,0.9914021850585424,0.6031355201825572
665,3,90.0,1213.0,13.103874690848054,0.1044075144509618,2.948396267169901,0.9301154651382557,0.6031070638180418
223,518,22.5,1208.0,13.437499999998884,0.10662440882826275,2.929801944928546,0.9242496095634724,0.603105350204699
621,289,90.0,1044.0,13.024425287355076,0.08931621124548188,3.074731194379411,0.9699696973841375,0.6030802108598625
307,652,90.0,1322.0,12.377080181542178,0.10747832369952023,2.921772127284806,0.9217164841298779,0.6029678477623513
618,249,112.5,772.0,16.858808290153256,0.0854900157646558,3.1049194865869167,0.9794930432657498,0.6027828252632322
359,164,112.5,657.0,19.448249619479533,0.08392997898062732,3.117529555068698,0.9834710769656145,0.6027091358425352
659,241,112.5,637.0,19.03846153845855,0.07966040462434382,3.1528824897430665,0.9946236861466782,0.6026401390608244
190,47,45.0,952.0,12.883403361343182,0.08056358381510019,3.144263897655936,0.991904823055845,0.6024749058826184
605,112,157.5,662.0,18.8935045317192,0.08215646347878672,3.1306935443767934,0.9876238532307013,0.6024405526358396
559,634,45.0,1645.0,12.117021276595008,0.1309281397794175,2.718815888637167,0.8576909193120056,0.6019607975055804
13,460,90.0,1105.0,12.929864253392495,0.09384852863907547,3.0292602597263723,0.9556252145864846,0.601900673994648
642,177,22.5,860.0,14.241279069765787,0.08044863373627628,3.141492628271691,0.991030584901004,0.6018857979220978
675,199,90.0,952.0,13.6239495798305,0.08519442984768442,3.0976822145390246,0.9772099381308967,0.6012504441392686
409,282,67.5,765.0,15.937908496729941,0.08008736205997422,3.1404363252853047,0.9906973584095552,0.6012415053294898
448,181,112.5,777.0,17.841055341053043,0.09105688386765592,3.047973113459739,0.9615284626837904,0.601161139453753
666,248,90.0,934.0,13.594753747321883,0.08340449290601162,3.110637524357563,0.981296883346523,0.6009272327102568
637,328,67.5,952.0,14.968487394956409,0.09360220704159622,3.025012872779976,0.9542853131867784,0.6009050328310098
683,272,67.5,628.0,18.957006369423727,0.07819889647930822,3.1540459154758484,0.9949907061021195,0.6008912189534311
43,456,90.0,1178.0,12.790747028861395,0.09897201786661614,2.979613083981396,0.9399632744073364,0.6008440655517655
495,527,90.0,1304.0,14.950153374231983,0.12805438780884001,2.7355157404316355,0.8629591360006874,0.6007951837724477
345,216,112.5,726.0,16.556473829198822,0.07895428271157542,3.1462421220097214,0.9925288833578665,0.6006590916702421
505,288,112.5,859.0,16.696740395807137,0.09420980031537395,3.017021699017221,0.9517643785403375,0.6004479353184532
550,166,112.5,877.0,16.23432155073931,0.09352009984243609,3.021619232195019,0.95321473877779,0.6002611821385867
510,116,112.5,635.0,18.570866141729358,0.07745993168687478,3.1553154299063837,0.9953911933155261,0.6001143911687851
664,173,67.5,718.0,16.545961002783212,0.07803468208099125,3.1491756158563904,0.9934542976327576,0.5999058877428969
376,906,112.5,324.0,35.424382716038444,0.07539083026804926,3.1649707849582893,0.9984371187072979,0.5989015539688771
627,187,22.5,871.0,13.714121699194752,0.07846163951662148,3.1392265419250185,0.990315714250865,0.5989011261891772
539,296,112.5,829.0,14.454161640529017,0.0787079611140989,3.1366489738595784,0.9895025820586943,0.5988202505568746
524,524,90.0,1471.0,12.272263766144643,0.11857921702585814,2.80231625075832,0.8840323507601188,0.5988035646453035
356,390,67.5,880.0,16.1363636363618,0.09327377824495824,3.0134974848767087,0.9506526127607343,0.5986544286662757
496,304,67.5,822.0,14.543795620436185,0.07852732527594837,3.1364554290852382,0.9894415254803046,0.5985508825942386
640,909,90.0,420.0,27.416666666660138,0.07563715186553244,3.160337313396135,0.9969754211718527,0.5984963956649447
507,207,90.0,998.0,13.805110220439497,0.0904985549133753,3.034717745754152,0.957346859743798,0.5983321062658516
469,314,112.5,772.0,16.97538860103407,0.0860811875986027,3.0707929998575603,0.9687273353345436,0.5981816284107089
365,198,112.5,759.0,16.610671936756702,0.08281332107206266,3.0981853799771635,0.977368669153842,0.598181468500834
459,334,22.5,1032.0,12.22868217054145,0.08289542827122484,3.0941350965538583,0.9760909469927618,0.5976511709082254
648,288,112.5,608.0,19.350328947365238,0.0772792958487238,3.1405939283265196,0.9907470766335331,0.5975534931543469
565,183,112.5,725.0,17.658620689652732,0.0840941933789471,3.0829305589830693,0.9725563089285518,0.5974688787998608
189,40,157.5,297.0,38.33333333332043,0.07478323699426852,3.1599289391911096,0.996846593453582,0.5973029215313512
35,891,112.5,390.0,29.410256410248866,0.07534156594855762,3.1549382657142817,0.9952722112601367,0.597253962152545
493,282,67.5,817.0,16.33108935128319,0.08764122438262989,3.050487751577521,0.9623217426877774,0.5970415383579535
658,249,112.5,684.0,17.36111111110857,0.07800183920132697,3.130370639960294,0.9875219882287369,0.5968963076457147
613,181,22.5,855.0,13.959064327483746,0.07839595375729387,3.1257589788338103,0.9860671711196932,0.596690003833249
681,166,67.5,661.0,17.36384266262975,0.07539083026806113,3.1504513037132664,0.9938567323453441,0.5966113607879159
20,8,67.5,591.0,19.196277495766633,0.0745204939569713,3.15768038785976,0.9961372544848913,0.5966008488856538
429,108,157.5,636.0,18.372641509431073,0.0767538097741049,3.1379488253533343,0.989912639550012,0.5964414682898496
698,179,22.5,830.0,14.090361445781435,0.07681949553343516,3.1369211837250854,0.9895884547103764,0.5963662266603776
490,52,90.0,1338.0,12.73168908819038,0.11189569101429055,2.8426339028492067,0.8967511539092601,0.596325898302555
352,198,112.5,718.0,16.935933147629953,0.07987388334215939,3.1076292851082656,0.9803478895224015,0.5957845058173
631,320,67.5,1018.0,12.224950884085244,0.0817459274829946,3.0886703360815737,0.9743670070037092,0.5952693120827106
625,264,22.5,808.0,14.164603960394286,0.07517735155024903,3.1432798196498255,0.9915943810088999,0.5951979200510844
26,899,157.5,319.0,34.568965517230545,0.07243497109831491,3.165295842480676,0.9985396629385459,0.5950445405191029
437,249,67.5,836.0,13.869617224878724,0.07616263794016087,3.133800649839907,0.988604035872783,0.5950055093381592
382,296,112.5,826.0,14.00121065375133,0.07596558066217844,3.133736208651353,0.9885837069411758,0.5947347925013289
350,384,67.5,809.0,16.27008652657401,0.08645888071473597,3.0449042043438106,0.9605603296476676,0.5945975176117391
557,193,22.5,887.0,12.922773393459648,0.07529230162907288,3.1370880143459714,0.9896410839116383,0.5943732603855535
712,188,22.5,823.0,14.164641555283819,0.0765731739359572,3.1261846028215063,0.9862014405385289,0.5943470291106706
440,390,112.5,848.0,16.025943396224523,0.08926694692598429,3.017935723382355,0.9520527211240639,0.5940565846370665
649,241,67.5,603.0,18.370646766166107,0.07276339989496275,3.155577538344823,0.9954738793217628,0.5939459026624364
475,314,67.5,788.0,16.262690355327884,0.08417630057810732,3.0596701849188186,0.965218477890383,0.5939085267687054
30,785,157.5,234.0,46.378205128185314,0.07128547031007691,3.1674647542278818,0.9992238784156373,0.5938667594266499
696,156,67.5,764.0,14.849476439788633,0.07452049395697416,3.1397587009805807,0.9904835917417586,0.5937740175140912
543,261,22.5,978.0,12.390081799589733,0.07959471886502073,3.096588770937792,0.9768649950799617,0.5936739427371297
381,909,22.5,370.0,29.371621621613688,0.07138399894907924,3.1645462979127483,0.9983032079537794,0.593536700381249
643,390,67.5,917.0,15.891494002179293,0.09572057277990566,2.9591810066525657,0.9335176716503204,0.5933221500513159
378,390,67.5,823.0,15.908262454433059,0.0859990803994441,3.038130308494738,0.9584234034282806,0.5929210989696505
711,328,112.5,804.0,14.794776119401142,0.07813321071998354,3.1010057686280508,0.9782584027120821,0.5924382164680739
149,442,90.0,1329.0,13.101956358163047,0.11437532842890125,2.7960113420088573,0.8820433734983241,0.5922506254325046
488,528,90.0,1417.0,12.57939308397935,0.1170848660011586,2.7732944546006615,0.8748769934111424,0.59225003049053
366,337,67.5,981.0,14.031600407745765,0.09041644771421586,2.994788640701419,0.9447506295381731,0.5919254276751114
386,208,67.5,862.0,14.547563805102719,0.08236994219660378,3.0601625506134225,0.9653738019735647,0.5915977920758873
689,173,67.5,635.0,16.972440944879217,0.07079282711514039,3.1533962962100635,0.9947857740404812,0.5909963263115309
695,304,67.5,565.0,19.088495575217863,0.07084209143463457,3.1473269540049786,0.9928711097495835,0.5901041322588367
442,241,112.5,811.0,15.699753390873525,0.08363439306365628,3.038811626836737,0.9586383354350914,0.5899019365207369
387,164,67.5,730.0,16.041095890408762,0.07691802417242503,3.0935166675818766,0.9758958543733148,0.5896502026773585
465,59,67.5,944.0,16.47775423728639,0.10217419863382653,2.879849507112554,0.9084913699227034,0.589342089338628
705,320,67.5,894.0,12.469239373600395,0.07322320021025873,3.119423176497209,0.9840684480162385,0.5888511425420748
697,195,22.5,719.0,14.808762169678053,0.06993891224388506,3.1454450117887043,0.9922774230802087,0.5886130905569479
452,274,112.5,748.0,16.216577540104783,0.07967682606417753,3.0612444302983586,0.96571509701507,0.5882075571926083
698,190,22.5,733.0,14.406548431103081,0.06936416184977018,3.147424163445951,0.9929017759139023,0.5881653225583008
866,997,157.5,326.0,30.996932515327913,0.06637545980036064,3.1669556245301944,0.9990632658782884,0.5872943565799094
889,891,90.0,312.0,32.57211538460495,0.0667531529164924,3.1634725877856518,0.9979644901208311,0.587244360745647
107,24,90.0,830.0,13.042168674697223,0.07110483447194832,3.1245955180043947,0.9857001400924966,0.5868660505916674
423,249,67.5,858.0,14.347319347317674,0.08085916973207272,3.0410860272067164,0.9593558288675681,0.5865912373450186
655,183,22.5,736.0,14.001358695650271,0.06768917498692066,3.1510896267764497,0.9940581008518208,0.5865287898735343
657,208,67.5,754.0,14.535809018565711,0.07199159222286781,3.114872005536158,0.98263271342978,0.5865048229299274
849,994,112.5,404.0,25.099009900983887,0.06660535995801056,3.160017350034016,0.9968744839692462,0.5865039433915911
933,907,157.5,209.0,47.691387559785795,0.06547228060959734,3.165859320802035,0.9987174205577648,0.5859272355524279
373,304,67.5,806.0,14.609181141437391,0.07734498160805435,3.0662719473182176,0.967301102052278,0.5859173566540656
520,521,90.0,1351.0,12.499999999999075,0.11092682606421089,2.7788677442940704,0.8766351705575647,0.58498685746916
395,304,112.5,835.0,14.470059880237788,0.07936481870737332,3.041703212071936,0.9595505290150287,0.5847127319384637
177,59,157.5,195.0,49.99999999997436,0.06404361534422394,3.1682751390666044,0.999479526368934,0.5844192837680676
1016,912,157.5,236.0,41.440677966084145,0.0642406726222119,3.165490764212902,0.9986011538987855,0.5842406499040274
657,166,67.5,697.0,14.429698708749722,0.06606345244356616,3.1474955259037345,0.9929242882628541,0.5838123265180811
855,891,90.0,261.0,36.93486590036899,0.06332107199163066,3.1656774010184043,0.9986600312556367,0.5830541775176662
676,910,67.5,235.0,40.86170212764219,0.06307475039415017,3.1669312445555167,0.9990555748525807,0.5829262588523515
1015,883,112.5,201.0,47.686567164155385,0.06295980031532265,3.1675814106115667,0.9992606794073428,0.5828768222466277
599,210,22.5,796.0,12.597361809043642,0.06586639516558504,3.142960155587042,0.9914935382247212,0.5828363991279897
757,1018,22.5,257.0,37.305447470802605,0.06297622175516132,3.163319146921075,0.9979160849173935,0.5822262376992476
693,208,67.5,718.0,14.178272980499418,0.06686810299532751,3.1256456596647326,0.9860314229019828,0.5814298160193376
547,988,90.0,335.0,28.686567164170544,0.06312401471365374,3.155595646692925,0.9954795918695655,0.581203405453611
725,29,112.5,902.0,14.068736141905314,0.08335522858651573,2.9857903074678793,0.9419119714533777,0.5811696386709272
755,893,90.0,321.0,29.423676012451892,0.06204019968475044,3.1629227882610125,0.9977910476815339,0.5809260953189483
713,179,22.5,746.0,13.515415549596042,0.06622766684188537,3.125418605634377,0.9859597953302728,0.5805472070276468
727,179,22.5,650.0,14.69230769230543,0.06272990015769826,3.1546970355816737,0.9951961116260764,0.5805405605898255
144,53,67.5,207.0,45.55555555553355,0.06194167104574868,3.161295466359434,0.9972776847783618,0.580539137681835
723,267,22.5,679.0,14.002209131073048,0.06245073568055709,3.1564635885884167,0.9957533970526841,0.5804500874441756
371,208,67.5,821.0,13.212545676003263,0.07125262743043495,3.075033087321632,0.9700649340039579,0.5792438618256679
434,886,112.5,236.0,38.665254237271746,0.0599382553862662,3.1675929479277363,0.9992643190253665,0.5788835056999062
372,328,67.5,951.0,12.463196635119614,0.07785404624284345,3.017155226716875,0.9518065018396564,0.5788431501729088
9,500,45.0,274.0,33.202554744513435,0.05975761954811934,3.16833971925925,0.9994998991514497,0.5787624560895116
11,675,22.5,357.0,25.616246498592265,0.06006962690492966,3.1649261017966794,0.9984230227392262,0.5786365591375319
55,389,90.0,232.0,38.987068965500434,0.05941276931164644,3.168269648613897,0.9994777943239469,0.5782954370264586
28,772,157.5,360.0,25.270833333326316,0.059757619548124544,3.163361175684919,0.997929343516201,0.5779771782718941
644,384,112.5,869.0,14.318181818180168,0.08172950604316134,2.978617356771901,0.9396491574458807,0.5778886746062091
79,240,112.5,260.0,34.519230769217494,0.05895296899635729,3.1685500207709243,0.999566241891918,0.5777317052780526
483,980,90.0,259.0,34.8648648648514,0.05931424067265799,3.1633618688331233,0.997929562180114,0.5773910447690324
1009,894,67.5,213.0,41.760563380262084,0.05842748292173298,3.167677686126918,0.9992910509509303,0.5768993034848149
40,242,90.0,260.0,33.942307692294634,0.05796768260644602,3.1683654141134427,0.9995080049754618,0.576399824964692
882,894,22.5,322.0,27.453416149059798,0.05806621124544145,3.165185995826004,0.9985050101771646,0.5760286037510625
922,892,90.0,201.0,43.61940298505292,0.057589989490306866,3.1667449718486242,0.9989968123560523,0.5756448366105112
45,892,112.5,239.0,36.61087866107255,0.05747503941148845,3.1661246883115854,0.9988011346864681,0.5753950088926264
72,252,112.5,203.0,42.610837438402655,0.05681818181821008,3.1691802441866535,0.9997650552441083,0.5750084612680193
10,661,22.5,280.0,30.857142857131844,0.056752496058890364,3.1659807783624236,0.9987557361520875,0.5744169509316769
985,452,157.5,191.0,44.60732984290859,0.055964266946952015,3.1679510757030553,0.9993772957598812,0.5736855212514554
706,907,90.0,260.0,32.88461538460274,0.05616132422494204,3.1659501090268405,0.9987460610539167,0.5736304562695099
58,248,67.5,191.0,44.16230366489835,0.055405937992669047,3.169174364584017,0.9997632004359871,0.5731402418716001
274,908,90.0,191.0,43.86125654447965,0.05502824487653644,3.166897865664193,0.9990450449847419,0.5722817721015101
17,674,67.5,214.0,38.85514018689773,0.0546177088807432,3.168415112085738,0.9995236829401681,0.5719782736395888
5,659,90.0,334.0,25.067365269453575,0.054995401996885074,3.164808233893175,0.9983858395555703,0.5719087439917695
745,902,90.0,208.0,40.01201923074999,0.05466697320023802,3.167275994380274,0.9991643313135696,0.5718637359190452
490,1000,22.5,244.0,34.200819672117134,0.0548147661587286,3.165495427523486,0.9986026250094842,0.5717782970452775
633,273,90.0,196.0,43.035714285692336,0.05540593799266978,3.1588877025559703,0.9965181198667731,0.571517701586994
25,892,112.5,394.0,21.42131979694888,0.055438780872347694,3.1571989835182177,0.9959853883236026,0.5712947612105986
50,388,90.0,285.0,28.842105263147776,0.05399369416713908,3.1678443342210327,0.9993436225714071,0.5710631609469661
731,894,157.5,237.0,34.65189873416259,0.053944429847639676,3.1673705046962537,0.9991941459987552,0.5709232845678784
44,228,67.5,329.0,24.939209726436193,0.053895165528150484,3.167265075360644,0.9991608867463874,0.5708415168489464
236,901,112.5,243.0,33.744855967064304,0.05386232264848097,3.1671345919243348,0.9991197238052295,0.5707775099831887
907,909,45.0,267.0,30.552434456917396,0.05358315817134143,3.1655502712780867,0.9986199262877719,0.5701584953655082
207,902,112.5,258.0,31.395348837197137,0.053205465055208095,3.1670023121380932,0.9990779941787616,0.5698881372665348
894,884,90.0,249.0,32.439759036131555,0.053057672096720666,3.166587031215448,0.998946987633668,0.5696272197157171
765,894,157.5,248.0,32.25806451611603,0.0525486074619331,3.1665270498929323,0.9989280656331511,0.5689446650903067
928,892,90.0,306.0,26.15196078430518,0.05256502890176897,3.1645418255634397,0.9983017970846556,0.5686532435136499
645,910,67.5,391.0,20.569053708434637,0.052827771939082405,3.1621661672459496,0.9975523603262436,0.5686259282958175
492,952,90.0,268.0,29.88805970148139,0.0526142932212621,3.1623989001081516,0.9976257793699421,0.5683803727490465
688,910,90.0,244.0,32.366803278675256,0.05187532842882672,3.1661229982885724,0.9988006015435665,0.5679907124445068
917,890,90.0,263.0,29.952471482878348,0.051743956910173444,3.1649740519432292,0.9984381493262995,0.567635784755191
856,994,67.5,480.0,17.135416666663097,0.054026537046810486,3.1437882621234157,0.9917547767511836,0.5673121634320356
434,891,90.0,219.0,35.58219178080567,0.05118562795588647,3.167482938888047,0.9992296150372159,0.5672932858927356
322,890,90.0,200.0,38.862499999980564,0.05105425643722942,3.167698788852584,0.9992977081196825,0.5671536308532816
103,268,157.5,340.0,22.610294117640407,0.05049592748295683,3.1682564011244487,0.9994736152063206,0.5665033526787061
59,241,67.5,321.0,23.816199376939622,0.050216763005814416,3.167951690708563,0.999377489772518,0.5660861741028494
698,910,90.0,225.0,34.06666666665152,0.05034813452446256,3.166788264177039,0.9990104695651013,0.5660763655798166
485,889,67.5,200.0,38.212499999980906,0.05020034156597311,3.1677091723164272,0.9993009837378245,0.5660262083879046
906,893,157.5,199.0,38.316582914553614,0.050085391487150015,3.1684856122001968,0.9995459232500894,0.5659966892609382
6,893,112.5,318.0,24.213836477979807,0.05057803468211509,3.1614765935902716,0.9973348240579206,0.5655425205924325
19,227,67.5,304.0,24.851973684202353,0.04962559117186675,3.168028414317451,0.9994016933763424,0.5653166187916809
352,893,112.5,196.0,38.469387755082415,0.04952706253286664,3.1679117940022485,0.9993649037629764,0.5651679477994729
231,901,112.5,243.0,31.00823045266214,0.04949421965320782,3.167267444236355,0.9991616340434716,0.5650228875445558
863,891,67.5,267.0,28.18352059924038,0.049428533893882236,3.165404169031462,0.9985738361605422,0.5646421378127514
3,241,90.0,205.0,36.35365853656763,0.0489523121387529,3.1688737503761826,0.9996683672119525,0.5645597351084685
80,900,157.5,202.0,36.918316831664896,0.048985155018416264,3.1677532622868423,0.9993148925749089,0.5644264231851173
17,882,90.0,235.0,32.106382978709746,0.04955990541253455,3.1619919616783054,0.9974974045883114,0.5642776236073169
60,397,157.5,276.0,26.630434782599046,0.048279033105653,3.1685375726025766,0.9995623149320239,0.5636164883675051
4,428,157.5,208.0,35.1081730769062,0.04796702574884208,3.168904708323337,0.999678133356937,0.5632618563258288
11,3,22.5,265.0,27.50943396225377,0.047884918549687766,3.168746799208707,0.9996283185775471,0.5631283854482128
269,908,67.5,225.0,32.566666666652196,0.048131240147162364,3.165849432624889,0.99871430118518,0.562997067215808
34,248,67.5,196.0,36.86224489794037,0.04745796111405324,3.1691974851179388,0.9997704941523721,0.5626349430983928
1007,884,157.5,259.0,28.07915057913974,0.04776996847086437,3.166299906741881,0.9988564099469919,0.5625904422498358
20,899,22.5,210.0,34.42857142855504,0.04749080399371858,3.1681309441540138,0.9994340379386004,0.5625101403866802
965,895,67.5,201.0,35.77114427858916,0.0472280609564079,3.167802609952574,0.9993304600301987,0.5621109482711093
148,56,45.0,200.0,35.987499999982006,0.04727732527590335,3.164129868611184,0.9981718391354714,0.5615967759165021
986,912,67.5,321.0,22.274143302173748,0.046965317919107005,3.162301716405863,0.9975951213252741,0.5608958757572899
249,902,112.5,230.0,30.532608695638903,0.046127824487676695,3.167353006339961,0.9991886258819432,0.5605852804587543
813,934,90.0,202.0,34.90099009899263,0.046308460325824294,3.1650925130974956,0.998475519659734,0.560467567021087
672,894,112.5,219.0,31.952054794505962,0.045963610089357156,3.167357218446335,0.9991899546535616,0.5603688178687068
617,909,90.0,269.0,26.12453531597542,0.046160667367343304,3.1651076584235374,0.9984802974781478,0.5602745416520316
435,908,90.0,307.0,22.90716612377104,0.04619351024700914,3.1646430061750066,0.9983337160138168,0.5602446763150399
936,891,90.0,244.0,28.463114754086696,0.045618759852890364,3.16568403715848,0.998662124724748,0.5596489362550066
724,890,67.5,199.0,34.673366834153434,0.0453231739359128,3.167542399880592,0.9992483728919024,0.5595512317820384
484,928,157.5,209.0,32.59569377988871,0.04474842354179903,3.1664739892706972,0.9989113268704953,0.5586227643558425
20,892,112.5,368.0,18.967391304342673,0.04584866001054265,3.1569645682060528,0.9959114385260336,0.5585775709218552
800,969,112.5,209.0,32.39234449759216,0.04446925906465754,3.1669308305363812,0.9990554442440851,0.5583257071836831
778,894,112.5,261.0,25.727969348649147,0.04410798738836098,3.166456878466317,0.9989059290127,0.5577732702211143
804,894,112.5,234.0,28.65384615383391,0.04404230162903162,3.1669905602238,0.999074286862567,0.5577705983557031
718,890,22.5,200.0,33.43749999998329,0.043927351550205454,3.1677052326832333,0.9992997409219244,0.5577313365022788
603,894,157.5,201.0,32.56218905471017,0.04299132947978995,3.1684815710909797,0.999544648422068,0.556616166489975
823,983,67.5,201.0,32.56218905471017,0.04299132947978995,3.167056113549657,0.9990949666344314,0.5563913255961567
38,228,67.5,280.0,23.178571428563153,0.042630057803495186,3.168241042459605,0.999468770087008,0.556100547975571
772,895,67.5,220.0,29.249999999986706,0.04226878612719026,3.167753394033101,0.9993149341362263,0.5555459506532928
848,932,22.5,243.0,26.450617283939735,0.042219521807696524,3.165894560719794,0.9987285375140784,0.5551876142494646
819,895,112.5,227.0,27.973568281926003,0.04171045717290783,3.1671726512904432,0.9991317301984695,0.5547161169665068
658,892,90.0,214.0,29.626168224285223,0.04164477141357931,3.1673930268664137,0.9992012509523894,0.5546640265531232
106,300,157.5,191.0,32.98429319370001,0.04138202837626734,3.169406053876912,0.9998362902702228,0.5546341430506682
795,894,67.5,249.0,25.42168674697775,0.04157908565425464,3.166738272113758,0.9989946988250181,0.554473899699099
383,253,90.0,196.0,32.971938775493385,0.04244942196533829,3.1588147249027787,0.9964950979804007,0.5543748722488179
217,901,112.5,260.0,24.249999999990674,0.04141487125593679,3.1669113688080004,0.9990493047523392,0.5542840756869051
702,891,90.0,230.0,27.347826086944632,0.04131634261694359,3.1668386473191337,0.9990263636768142,0.5541423289636265
278,901,112.5,206.0,30.315533980567807,0.041020756699968144,3.167910399055444,0.9993644637062543,0.5539205504218041
735,976,90.0,234.0,26.848290598279128,0.04126707829744834,3.1645720432904505,0.998311329716184,0.5537196738905552
926,886,157.5,203.0,30.467980295551495,0.04062664214400339,3.16779954007994,0.9993294915932064,0.5533819596232268
241,902,112.5,222.0,27.86036036034781,0.0406266421440051,3.167475738761589,0.9992273436502097,0.5533308856517307
24,240,112.5,220.0,27.77272727271465,0.04013399894904934,3.1690263230565106,0.999716498533753,0.552924082165936
880,884,22.5,193.0,31.74870466319599,0.04024894902786976,3.1677240558806865,0.9993056789795897,0.5528706612719497
595,893,90.0,195.0,31.397435897419793,0.040216106148206254,3.1679207160023464,0.9993677183406378,0.552858255557303
990,909,90.0,241.0,25.259336099574583,0.03998620599056424,3.1656914237939096,0.9986644549487839,0.5522026460951837
194,902,112.5,241.0,24.979253112022832,0.03954282711510419,3.16716062786213,0.999127937229138,0.5518481444005511
875,895,67.5,237.0,25.274261603364863,0.039345769837121666,3.167210371190245,0.9991436295020129,0.5515954381659617
689,996,67.5,310.0,19.806451612896836,0.0403310562270369,3.1575189070320704,0.996086312955481,0.5513695417478335
660,909,67.5,257.0,23.25875486380418,0.03926366263796369,3.165494977480124,0.9986024830366106,0.5512163014453345
52,228,112.5,310.0,19.03225806450999,0.038754598003178785,3.167816130988891,0.9993347254422545,0.5509093290230082
852,998,67.5,349.0,17.041547277932082,0.03906660535998545,3.163422410424196,0.997948660925682,0.5506288380188491
222,902,112.5,247.0,23.643724696346702,0.038360483447211095,3.1673754476654867,0.9991957053319351,0.5503187142257913
870,895,112.5,223.0,25.85201793720814,0.03786784025225383,3.167491677705184,0.9992323718270871,0.5496856665457989
6,4,112.5,263.0,21.76806083649363,0.037605097214946745,3.168435674246803,0.9995301695797749,0.5494871622607775
67,253,45.0,237.0,24.018987341762017,0.03739161849713106,3.1692343643132244,0.9997821282431685,0.5493308765238601
75,232,67.5,308.0,18.522727272721262,0.03747372569629399,3.168121767878325,0.999431143145921,0.549263947463169
738,894,67.5,223.0,25.515695067253134,0.03737519705729823,3.1673678467417172,0.9991933075074549,0.5490147534584165
1004,909,90.0,200.0,28.449999999985778,0.0373751970572963,3.167331423243527,0.9991818171730859,0.5490090082912295
552,271,90.0,200.0,30.137499999984932,0.039592091434596376,3.1484247816633903,0.9932174358165762,0.5489580317870224
257,892,90.0,246.0,23.109756097551582,0.03734235417763608,3.1665634130239986,0.9989395369238122,0.5488444427714262
491,982,112.5,230.0,24.739130434771855,0.03737519705729874,3.166022183995704,0.9987687981750886,0.5488024987922341
105,901,67.5,191.0,29.424083769618107,0.036915396742003566,3.1677565022800405,0.9993159146789642,0.5484681015117724
972,895,112.5,240.0,23.479166666656887,0.037013925380998625,3.166808380102354,0.9990168154330024,0.54844882807431
644,889,90.0,206.0,27.220873786394552,0.03683328954284569,3.1675288979427227,0.9992441135047361,0.5483236374367325
744,504,45.0,217.0,36.751152073715794,0.052384393063611555,3.0368989450062593,0.9580349514971094,0.5482809810464265
700,981,22.5,208.0,26.70673076921793,0.03648843930637696,3.1669841945094954,0.9990722787032884,0.5477817533867125
164,893,112.5,222.0,24.707207207196078,0.03602863899108617,3.16772376760038,0.9993055880372783,0.5472904525213138
268,902,112.5,230.0,23.869565217380927,0.03606148187075045,3.1671464938207943,0.9991234784355298,0.5472428231156115
506,893,157.5,234.0,23.33333333332336,0.035864424592768465,3.1672865181889938,0.9991676512055907,0.5470043571296157
555,893,67.5,217.0,25.0576036866244,0.0357166316342806,3.1675462262312046,0.9992495799711271,0.5468499072341125
57,838,157.5,210.0,25.69047619046396,0.03543746715713855,3.16785742458414,0.9993477521211916,0.5465298774501899
56,891,112.5,209.0,25.753588516734094,0.035355359957979206,3.1670504836782727,0.9990931906077489,0.5462940332055407
738,902,90.0,212.0,25.330188679233338,0.03527325275882017,3.167316039666307,0.9991769641947941,0.5462273565111359
54,241,112.5,270.0,19.75925925925194,0.03504335260117778,3.1684804945210954,0.9995443088020823,0.5461070510485871
186,902,67.5,207.0,25.591787439601166,0.03479703100369604,3.1677552907400086,0.9993155324806371,0.5456669724240762
314,893,112.5,234.0,22.56410256409292,0.034682080924875,3.166921957446874,0.999052645095997,0.54538353984866
5,437,157.5,217.0,24.124423963122524,0.03438649500790049,3.168900758680141,0.9996768873832332,0.5453048324357368
123,893,112.5,228.0,22.9824561403408,0.03441933788756496,3.167820413573298,0.9993360764472168,0.5451778523629007
172,902,112.5,217.0,24.020737327177876,0.034238702049413816,3.1680901892344075,0.9994211811929086,0.5449815650623047
842,995,67.5,372.0,14.502688172039111,0.035437467157145894,3.15733740206829,0.9960290545144461,0.5448705286468268
371,889,112.5,203.0,25.504926108361822,0.034008801891766784,3.1676491190420952,0.9992820390390367,0.5446080162191698
298,893,112.5,205.0,25.10975609754873,0.033811744613784715,3.1680718694401464,0.999415401941269,0.5444141452992596
262,901,112.5,196.0,26.160714285700937,0.03368037309512913,3.168082434038659,0.9994187347010373,0.5442421100984585
523,912,112.5,234.0,21.976495726486334,0.033778901734123054,3.1666284525473967,0.9989600546090474,0.5441430462379804
48,924,67.5,202.0,25.51980198018539,0.033861008933280035,3.1645542691346544,0.9983057225943156,0.5439244437185392
176,893,112.5,209.0,24.174641148313796,0.03318772990017463,3.16793786428285,0.9993731280208339,0.543567925830792
186,893,112.5,227.0,22.25770925109152,0.033187729900175884,3.1678052679456767,0.9993312985336653,0.5435470110872094
787,893,112.5,279.0,18.26164874551317,0.033466894377320144,3.1651287346412422,0.998486946284569,0.543493950821619
370,915,112.5,242.0,20.70247933883442,0.03290856542303527,3.1662023814186626,0.9988256441329194,0.5429250680278834
495,924,67.5,225.0,22.12222222221239,0.03269508670522015,3.1675274014488406,0.9992436414134782,0.5428518015995495
496,894,22.5,231.0,21.47186147185218,0.032580136626397554,3.167900187353623,0.9993612422729977,0.5427586131462109
813,894,67.5,199.0,24.874371859283983,0.032514450867067876,3.168020861242242,0.9993993106464021,0.5426907965425679
484,894,67.5,201.0,24.589552238793736,0.032465186547572474,3.168208707890195,0.9994585696660532,0.5426552879596371
964,912,112.5,204.0,24.38725490194883,0.0326786652653868,3.166246803001182,0.9988396575819755,0.5426280969862105
65,924,67.5,208.0,24.01442307691153,0.03281003678404193,3.165066296572258,0.99846724926683,0.5426155944093225
683,367,22.5,191.0,27.81413612563989,0.03489555964268575,3.1468392741228053,0.9927172638756429,0.5424981143070905
928,912,67.5,269.0,18.4758364312199,0.03264582238572696,3.1651748323456497,0.99850148849121,0.5424155870456618
101,893,112.5,197.0,24.809644670038168,0.0321039148712714,3.1685122587335752,0.9995543292954584,0.5422254884274574
155,893,112.5,223.0,21.984304932725568,0.03220244351026442,3.167658202931791,0.9992849046871805,0.5422210523088342
308,893,112.5,217.0,22.407834101372163,0.03193970047295437,3.1673722028286146,0.9991946816998711,0.5418285376538103
16,3,67.5,192.0,24.947916666653676,0.031463478717828744,3.169286402135747,0.9997985443484388,0.5415008007481111
985,895,67.5,202.0,23.73762376236449,0.03149632159749326,3.167637114876057,0.9992782521462766,0.5412840800422021
291,893,112.5,194.0,24.66494845359553,0.0314306358381652,3.1680200046178086,0.9993990404114808,0.5412576233844612
818,890,90.0,209.0,22.85885167463021,0.031381371518670806,3.167226346492145,0.9991486691486583,0.5410672996602949
386,915,112.5,222.0,21.50900900899932,0.03136495007883983,3.1670215517073186,0.9990840635870967,0.5410132841819297
54,924,112.5,210.0,22.95238095237002,0.031660535995812374,3.164456716212265,0.9982749480736739,0.5409995549817569
167,902,112.5,209.0,22.667464114821694,0.03111862848136117,3.1681989837269753,0.9994555020341013,0.5408733129416478
706,979,112.5,204.0,23.284313725478782,0.03120073568052006,3.1666105892743293,0.9989544193738101,0.5407313350994294
273,901,112.5,207.0,22.39130434781527,0.030445349448255058,3.1679960312515147,0.9993914776564368,0.5399510801518081
855,931,67.5,277.0,16.86823104692532,0.030691671045736592,3.163047496632027,0.99783038879243,0.5394962261835928
844,895,112.5,198.0,22.803030303018787,0.02965712033632547,3.1682047602026624,0.9994573243092921,0.5389417939941291
381,915,67.5,263.0,16.71102661596323,0.028868891224400162,3.1658913110135347,0.998727512345894,0.5375346785283289
950,894,112.5,217.0,20.092165898608258,0.028638991066751895,3.1676440337209435,0.9992804347988262,0.5375071619885945
482,915,67.5,220.0,19.772727272718285,0.028573305307424652,3.16736858487129,0.9991935403614094,0.5373768639795441
512,890,112.5,193.0,22.461139896361416,0.02847477666843172,3.167651501512818,0.9992827906248698,0.5372912129257587
818,935,67.5,270.0,16.305555555549518,0.028918155543896006,3.162572726596433,0.99768061552165,0.537076368208964
212,893,112.5,196.0,21.709183673458313,0.027949290593812674,3.1684690190316047,0.9995406886882041,0.5367253556346889
229,893,112.5,212.0,19.811320754707637,0.02758801891751298,3.1680739310823807,0.9994160523169825,0.5361853581021976
809,968,112.5,197.0,21.4086294416135,0.027702968996334964,3.1670340064031586,0.9990879926061854,0.5361733171298966
29,234,157.5,222.0,18.749999999991555,0.02734169732003577,3.1692638451361126,0.9997914284073288,0.5360473556835884
793,902,90.0,224.0,18.683035714277374,0.02748949027852256,3.167215430432872,0.9991452255153648,0.5359196685158765
361,908,67.5,196.0,21.26275510202997,0.027374540199697844,3.167404833473743,0.9992049755223159,0.5357975546362509
254,902,112.5,205.0,19.999999999990244,0.026931161324238437,3.1678156452218853,0.999334572199826,0.5352761101401973
20,683,157.5,208.0,19.519230769221384,0.026668418286928973,3.1688706326652625,0.9996673836836615,0.5350951127207466
205,893,67.5,240.0,16.999999999992916,0.026799789805585512,3.167532743151397,0.9992453265330168,0.5350577857261108
85,900,112.5,213.0,19.049295774638942,0.02665199684709742,3.1673263383274177,0.9991802130606523,0.5348298147116568
326,893,67.5,247.0,16.427125506066222,0.026651996847099145,3.166922790018834,0.9990529077432078,0.5347661620529368
862,916,112.5,202.0,19.975247524742585,0.026504203888610068,3.167625221392273,0.9992745001698801,0.5346815439879999
72,900,67.5,243.0,16.687242798347043,0.026635575407267114,3.1664708087702844,0.9989103235343246,0.5346731572509095
509,911,67.5,203.0,19.79064039407892,0.026389253809787166,3.168064303526592,0.9994130151612819,0.5345988126006022
8,232,157.5,202.0,19.70297029701995,0.026142932212309313,3.1693404035598096,0.9998155799010273,0.5344744045066917
795,889,112.5,196.0,20.204081632642755,0.026011560693654096,3.1676528084289544,0.9992832029110077,0.5340345144309971
45,246,112.5,226.0,17.30088495574456,0.025683131897018797,3.1689453889585995,0.9996909666685279,0.5338041423580487
366,893,67.5,208.0,18.81009615383711,0.025699553336849663,3.1678310237976044,0.9993394236003202,0.5336500835215292
626,912,67.5,215.0,17.91860465115446,0.025305438780885592,3.1673245945891524,0.9991796629724752,0.5330490984655541
504,923,67.5,319.0,12.280564263319034,0.02573239621651767,3.163655282699104,0.9980221239491927,0.5330348590911421
711,969,90.0,223.0,17.309417040350983,0.02535470310038157,3.164961186611829,0.9984340907661144,0.532741450455131
84,835,112.5,214.0,17.69859813083285,0.02487848134525735,3.1683147282809365,0.9994920153755553,0.5326407445298702
826,916,112.5,193.0,19.46891191708836,0.024681424067273864,3.1676592166841484,0.999285224490443,0.5322767967162859
914,895,112.5,202.0,18.341584158406764,0.024336573830805532,3.1681045164549912,0.9994257009277845,0.531891068285661
945,895,67.5,205.0,17.82926829267423,0.024008145034168652,3.1679977227859597,0.999392011276142,0.5314399695081292
415,368,90.0,219.0,17.93378995432971,0.0257980819758414,3.1523957223844654,0.9944701281418737,0.53134571197782
14,899,112.5,211.0,17.191943127953934,0.023827509196018597,3.1673829138346443,0.9991980606460685,0.531104154519652
933,912,112.5,192.0,18.697916666656926,0.0235811875985397,3.1670605185090976,0.9990963562444186,0.5307276118550425
903,906,67.5,227.0,15.85903083699742,0.02364687335786901,3.1663487546307874,0.9988718197402471,0.5307021943933015
93,893,112.5,195.0,18.217948717939375,0.023334866001062105,3.1686057535923315,0.999583823639556,0.5306456550888283
856,912,67.5,222.0,15.968468468461275,0.023285601681568003,3.166860030765488,0.9990331094030839,0.5303051598778377
695,994,90.0,226.0,15.840707964594761,0.023515501839214137,3.1633168965588014,0.9979153750071361,0.5300502704460616
498,928,67.5,213.0,16.138497652574582,0.022579479768797876,3.167682186669808,0.9992924707141388,0.5295011945371864
337,893,67.5,234.0,14.636752136745883,0.022497372569639566,3.166930466783177,0.9990553294927252,0.5292740604385531
128,893,112.5,200.0,16.974999999991514,0.022300315291655697,3.1682567117162077,0.9994737131871115,0.5292226999147176
922,912,67.5,198.0,17.19696969696101,0.022366001050982992,3.1675485913145187,0.9992503260718433,0.5291978571474255
42,923,67.5,231.0,14.79437229436589,0.02244810825014388,3.16374503272778,0.9980504369309304,0.5287064760648988
824,895,67.5,197.0,16.928934010143692,0.02190620073569107,3.1680334089804196,0.9994032690170802,0.5286663730876487
504,950,67.5,213.0,15.05868544600232,0.021068707304267402,3.1669138185516266,0.9990500775604105,0.5273824297824525
977,916,112.5,194.0,15.747422680404254,0.020066999474523443,3.168496807099425,0.9995494548475949,0.5263076438733256
398,911,112.5,192.0,15.338541666658678,0.019344456121921844,3.1678961651012534,0.9993599733936495,0.525257544452589
823,968,90.0,193.0,14.727979274603769,0.01867117708881596,3.1670912147469017,0.9991060398292954,0.524240357069405
585,912,67.5,196.0,14.362244897951857,0.01849054125066573,3.167334594896429,0.999182817718178,0.5240399063404055
866,1002,67.5,197.0,14.25126903552576,0.01844127693117022,3.166032217435138,0.9987719633728231,0.5237693410749715
501,999,90.0,211.0,13.1635071089985,0.018244219653188606,3.165713804144853,0.9986715151634367,0.5234585645992527
805,1012,67.5,201.0,12.276119402978967,0.01620796111403846,3.1665559412965876,0.9989371798562453,0.5208990224450496
